Machine Name,,,,,,
Point Name,Acceleration Channel 1,,,,,
Comp,,,,,,
Y-Axis Unit,g dpk,,,,,
Speed Unit,rpm,,,,,
Variable,Derived pk,,,,,
X-Axis Value,Y-Axis Value,Y-Axis Status,Phase,Phase Status,Speed,Speed Status
,,,,,,
,,,,,,
,,,,,,
,,,,,,
,,,,,,
,,,,,,
,,,,,,
,,,,,,
,,,,,,
,,,,,,
,,,,,,
,,,,,,
,,,,,,
,,,,,,
,,,,,,
,,,,,,
,,,,,,
,,,,,,
,,,,,,
,,,,,,
,,,,,,
,,,,,,
,,,,,,
,,,,,,
,,,,,,
,,,,,,
,,,,,,
,,,,,,
,,,,,,
,,,,,,
,,,,,,
,,,,,,
,,,,,,
,,,,,,
,,,,,,
,,,,,,
,,,,,,
,,,,,,
,,,,,,
,,,,,,
,,,,,,
,,,,,,
,,,,,,
,,,,,,
,,,,,,
,,,,,,
,,,,,,
,,,,,,
,,,,,,
,,,,,,
,,,,,,
,,,,,,
,,,,,,
,,,,,,
,,,,,,
,,,,,,
,,,,,,
,,,,,,
,,,,,,
,,,,,,
,,,,,,
,,,,,,
,,,,,,
,,,,,,
,,,,,,
,,,,,,
,,,,,,
,,,,,,
,,,,,,
,,,,,,
,,,,,,
,,,,,,
,,,,,,
,,,,,,
,,,,,,
,,,,,,
,,,,,,
,,,,,,
,,,,,,
,,,,,,
,,,,,,
,,,,,,
,,,,,,
,,,,,,
,,,,,,
,,,,,,
,,,,,,
,,,,,,
,,,,,,
,,,,,,
,,,,,,
,,,,,,
,,,,,,
,,,,,,
,,,,,,
,,,,,,
,,,,,,
,,,,,,
,,,,,,
,,,,,,
,,,,,,
,,,,,,
,,,,,,
,,,,,,
,,,,,,
,,,,,,
,,,,,,
,,,,,,
,,,,,,
,,,,,,
,,,,,,
,,,,,,
,,,,,,
,,,,,,
,,,,,,
,,,,,,
,,,,,,
,,,,,,
,,,,,,
,,,,,,
,,,,,,
,,,,,,
,,,,,,
,,,,,,
,,,,,,
,,,,,,
,,,,,,
,,,,,,
,,,,,,
,,,,,,
,,,,,,
,,,,,,
,,,,,,
,,,,,,
,,,,,,
,,,,,,
,,,,,,
,,,,,,
,,,,,,
,,,,,,
,,,,,,
,,,,,,
,,,,,,
,,,,,,
,,,,,,
,,,,,,
,,,,,,
,,,,,,
,,,,,,
,,,,,,
,,,,,,
,,,,,,
,,,,,,
,,,,,,
,,,,,,
,,,,,,
,,,,,,
,,,,,,
,,,,,,
,,,,,,
,,,,,,
,,,,,,
,,,,,,
,,,,,,
,,,,,,
,,,,,,
,,,,,,
,,,,,,
,,,,,,
,,,,,,
,,,,,,
,,,,,,
,,,,,,
,,,,,,
,,,,,,
,,,,,,
,,,,,,
,,,,,,
,,,,,,
,,,,,,
,,,,,,
,,,,,,
,,,,,,
,,,,,,
,,,,,,
,,,,,,
,,,,,,
,,,,,,
,,,,,,
,,,,,,
,,,,,,
,,,,,,
,,,,,,
,,,,,,
,,,,,,
,,,,,,
,,,,,,
,,,,,,
,,,,,,
,,,,,,
,,,,,,
,,,,,,
,,,,,,
,,,,,,
,,,,,,
,,,,,,
,,,,,,
,,,,,,
,,,,,,
,,,,,,
,,,,,,
,,,,,,
,,,,,,
,,,,,,
,,,,,,
,,,,,,
,,,,,,
,,,,,,
,,,,,,
,,,,,,
,,,,,,
,,,,,,
,,,,,,
,,,,,,
,,,,,,
,,,,,,
,,,,,,
,,,,,,
,,,,,,
,,,,,,
,,,,,,
,,,,,,
,,,,,,
,,,,,,
,,,,,,
,,,,,,
,,,,,,
,,,,,,
,,,,,,
,,,,,,
,,,,,,
,,,,,,
,,,,,,
,,,,,,
,,,,,,
,,,,,,
,,,,,,
,,,,,,
,,,,,,
,,,,,,
,,,,,,
,,,,,,
,,,,,,
,,,,,,
,,,,,,
,,,,,,
,,,,,,
,,,,,,
,,,,,,
,,,,,,
,,,,,,
,,,,,,
,,,,,,
,,,,,,
,,,,,,
,,,,,,
,,,,,,
,,,,,,
,,,,,,
,,,,,,
,,,,,,
,,,,,,
,,,,,,
,,,,,,
,,,,,,
,,,,,,
,,,,,,
,,,,,,
,,,,,,
,,,,,,
,,,,,,
,,,,,,
,,,,,,
,,,,,,
,,,,,,
,,,,,,
,,,,,,
,,,,,,
,,,,,,
,,,,,,
,,,,,,
,,,,,,
,,,,,,
,,,,,,
,,,,,,
,,,,,,
,,,,,,
,,,,,,
,,,,,,
,,,,,,
,,,,,,
,,,,,,
,,,,,,
,,,,,,
,,,,,,
,,,,,,
,,,,,,
,,,,,,
,,,,,,
,,,,,,
,,,,,,
,,,,,,
,,,,,,
,,,,,,
,,,,,,
,,,,,,
,,,,,,
,,,,,,
,,,,,,
,,,,,,
,,,,,,
,,,,,,
,,,,,,
,,,,,,
,,,,,,
,,,,,,
,,,,,,
,,,,,,
,,,,,,
,,,,,,
,,,,,,
,,,,,,
,,,,,,
,,,,,,
,,,,,,
,,,,,,
,,,,,,
,,,,,,
,,,,,,
,,,,,,
,,,,,,
,,,,,,
,,,,,,
,,,,,,
,,,,,,
,,,,,,
,,,,,,
,,,,,,
,,,,,,
,,,,,,
,,,,,,
,,,,,,
,,,,,,
,,,,,,
,,,,,,
,,,,,,
,,,,,,
,,,,,,
,,,,,,
,,,,,,
,,,,,,
,,,,,,
,,,,,,
,,,,,,
,,,,,,
,,,,,,
,,,,,,
,,,,,,
,,,,,,
,,,,,,
,,,,,,
,,,,,,
,,,,,,
,,,,,,
,,,,,,
,,,,,,
,,,,,,
,,,,,,
,,,,,,
,,,,,,
,,,,,,
,,,,,,
,,,,,,
,,,,,,
,,,,,,
,,,,,,
,,,,,,
,,,,,,
,,,,,,
,,,,,,
,,,,,,
,,,,,,
,,,,,,
,,,,,,
,,,,,,
,,,,,,
,,,,,,
,,,,,,
,,,,,,
,,,,,,
,,,,,,
,,,,,,
,,,,,,
,,,,,,
,,,,,,
,,,,,,
,,,,,,
,,,,,,
,,,,,,
,,,,,,
,,,,,,
,,,,,,
,,,,,,
,,,,,,
,,,,,,
,,,,,,
,,,,,,
,,,,,,
,,,,,,
,,,,,,
,,,,,,
,,,,,,
,,,,,,
,,,,,,
,,,,,,
,,,,,,
,,,,,,
,,,,,,
,,,,,,
,,,,,,
,,,,,,
,,,,,,
,,,,,,
,,,,,,
,,,,,,
,,,,,,
,,,,,,
,,,,,,
,,,,,,
,,,,,,
,,,,,,
,,,,,,
,,,,,,
,,,,,,
,,,,,,
,,,,,,
,,,,,,
,,,,,,
,,,,,,
,,,,,,
,,,,,,
,,,,,,
,,,,,,
,,,,,,
,,,,,,
,,,,,,
,,,,,,
,,,,,,
,,,,,,
,,,,,,
,,,,,,
,,,,,,
,,,,,,
,,,,,,
,,,,,,
,,,,,,
,,,,,,
,,,,,,
,,,,,,
,,,,,,
,,,,,,
,,,,,,
,,,,,,
,,,,,,
,,,,,,
,,,,,,
,,,,,,
,,,,,,
,,,,,,
,,,,,,
,,,,,,
,,,,,,
,,,,,,
,,,,,,
,,,,,,
,,,,,,
,,,,,,
,,,,,,
,,,,,,
,,,,,,
,,,,,,
,,,,,,
,,,,,,
,,,,,,
,,,,,,
,,,,,,
,,,,,,
,,,,,,
,,,,,,
,,,,,,
,,,,,,
,,,,,,
,,,,,,
,,,,,,
,,,,,,
,,,,,,
,,,,,,
,,,,,,
,,,,,,
,,,,,,
,,,,,,
,,,,,,
,,,,,,
,,,,,,
,,,,,,
,,,,,,
,,,,,,
,,,,,,
,,,,,,
,,,,,,
,,,,,,
,,,,,,
,,,,,,
,,,,,,
,,,,,,
,,,,,,
,,,,,,
,,,,,,
,,,,,,
,,,,,,
,,,,,,
,,,,,,
,,,,,,
,,,,,,
,,,,,,
,,,,,,
,,,,,,
,,,,,,
,,,,,,
,,,,,,
,,,,,,
,,,,,,
,,,,,,
,,,,,,
,,,,,,
,,,,,,
,,,,,,
,,,,,,
,,,,,,
,,,,,,
,,,,,,
,,,,,,
,,,,,,
,,,,,,
,,,,,,
,,,,,,
,,,,,,
,,,,,,
,,,,,,
,,,,,,
,,,,,,
,,,,,,
,,,,,,
,,,,,,
,,,,,,
,,,,,,
,,,,,,
,,,,,,
,,,,,,
,,,,,,
,,,,,,
,,,,,,
,,,,,,
,,,,,,
,,,,,,
,,,,,,
,,,,,,
,,,,,,
,,,,,,
,,,,,,
,,,,,,
,,,,,,
,,,,,,
,,,,,,
,,,,,,
,,,,,,
,,,,,,
,,,,,,
,,,,,,
,,,,,,
,,,,,,
,,,,,,
,,,,,,
,,,,,,
,,,,,,
,,,,,,
,,,,,,
,,,,,,
,,,,,,
,,,,,,
,,,,,,
,,,,,,
,,,,,,
,,,,,,
,,,,,,
,,,,,,
,,,,,,
,,,,,,
,,,,,,
,,,,,,
,,,,,,
,,,,,,
,,,,,,
,,,,,,
,,,,,,
,,,,,,
,,,,,,
,,,,,,
,,,,,,
,,,,,,
,,,,,,
,,,,,,
,,,,,,
,,,,,,
,,,,,,
,,,,,,
,,,,,,
,,,,,,
,,,,,,
,,,,,,
,,,,,,
,,,,,,
,,,,,,
,,,,,,
,,,,,,
,,,,,,
,,,,,,
,,,,,,
,,,,,,
,,,,,,
,,,,,,
,,,,,,
,,,,,,
,,,,,,
,,,,,,
,,,,,,
,,,,,,
,,,,,,
,,,,,,
,,,,,,
,,,,,,
,,,,,,
,,,,,,
,,,,,,
,,,,,,
,,,,,,
,,,,,,
,,,,,,
,,,,,,
,,,,,,
,,,,,,
,,,,,,
,,,,,,
,,,,,,
,,,,,,
,,,,,,
,,,,,,
,,,,,,
,,,,,,
,,,,,,
,,,,,,
,,,,,,
,,,,,,
,,,,,,
,,,,,,
,,,,,,
,,,,,,
,,,,,,
,,,,,,
,,,,,,
,,,,,,
,,,,,,
,,,,,,
,,,,,,
,,,,,,
,,,,,,
,,,,,,
,,,,,,
,,,,,,
,,,,,,
,,,,,,
,,,,,,
,,,,,,
,,,,,,
,,,,,,
,,,,,,
,,,,,,
,,,,,,
,,,,,,
,,,,,,
,,,,,,
,,,,,,
,,,,,,
,,,,,,
,,,,,,
,,,,,,
,,,,,,
,,,,,,
,,,,,,
,,,,,,
,,,,,,
,,,,,,
,,,,,,
,,,,,,
,,,,,,
,,,,,,
,,,,,,
,,,,,,
,,,,,,
,,,,,,
,,,,,,
,,,,,,
,,,,,,
,,,,,,
,,,,,,
,,,,,,
,,,,,,
,,,,,,
,,,,,,
,,,,,,
,,,,,,
,,,,,,
,,,,,,
,,,,,,
,,,,,,
,,,,,,
,,,,,,
,,,,,,
,,,,,,
,,,,,,
,,,,,,
,,,,,,
,,,,,,
,,,,,,
,,,,,,
,,,,,,
,,,,,,
,,,,,,
,,,,,,
,,,,,,
,,,,,,
,,,,,,
,,,,,,
,,,,,,
,,,,,,
,,,,,,
,,,,,,
,,,,,,
,,,,,,
,,,,,,
,,,,,,
,,,,,,
,,,,,,
,,,,,,
,,,,,,
,,,,,,
,,,,,,
,,,,,,
,,,,,,
,,,,,,
,,,,,,
,,,,,,
,,,,,,
,,,,,,
,,,,,,
,,,,,,
,,,,,,
,,,,,,
,,,,,,
,,,,,,
,,,,,,
,,,,,,
,,,,,,
,,,,,,
,,,,,,
,,,,,,
,,,,,,
,,,,,,
,,,,,,
,,,,,,
,,,,,,
,,,,,,
,,,,,,
,,,,,,
,,,,,,
,,,,,,
,,,,,,
,,,,,,
,,,,,,
,,,,,,
,,,,,,
,,,,,,
,,,,,,
,,,,,,
,,,,,,
,,,,,,
,,,,,,
,,,,,,
,,,,,,
,,,,,,
,,,,,,
,,,,,,
,,,,,,
,,,,,,
,,,,,,
,,,,,,
,,,,,,
,,,,,,
,,,,,,
,,,,,,
,,,,,,
,,,,,,
,,,,,,
,,,,,,
,,,,,,
,,,,,,
,,,,,,
,,,,,,
,,,,,,
,,,,,,
,,,,,,
,,,,,,
,,,,,,
,,,,,,
,,,,,,
,,,,,,
,,,,,,
,,,,,,
,,,,,,
,,,,,,
,,,,,,
,,,,,,
,,,,,,
,,,,,,
,,,,,,
,,,,,,
,,,,,,
,,,,,,
,,,,,,
,,,,,,
,,,,,,
,,,,,,
,,,,,,
,,,,,,
,,,,,,
,,,,,,
,,,,,,
,,,,,,
,,,,,,
,,,,,,
,,,,,,
,,,,,,
,,,,,,
,,,,,,
,,,,,,
,,,,,,
,,,,,,
,,,,,,
,,,,,,
,,,,,,
,,,,,,
,,,,,,
,,,,,,
,,,,,,
,,,,,,
,,,,,,
,,,,,,
,,,,,,
,,,,,,
,,,,,,
,,,,,,
,,,,,,
,,,,,,
,,,,,,
,,,,,,
,,,,,,
,,,,,,
,,,,,,
,,,,,,
,,,,,,
,,,,,,
,,,,,,
,,,,,,
,,,,,,
,,,,,,
,,,,,,
,,,,,,
,,,,,,
,,,,,,
,,,,,,
,,,,,,
,,,,,,
,,,,,,
,,,,,,
,,,,,,
,,,,,,
,,,,,,
,,,,,,
,,,,,,
,,,,,,
,,,,,,
,,,,,,
,,,,,,
,,,,,,
,,,,,,
,,,,,,
,,,,,,
,,,,,,
,,,,,,
,,,,,,
,,,,,,
,,,,,,
,,,,,,
,,,,,,
,,,,,,
,,,,,,
,,,,,,
,,,,,,
,,,,,,
,,,,,,
,,,,,,
,,,,,,
,,,,,,
,,,,,,
,,,,,,
,,,,,,
,,,,,,
,,,,,,
,,,,,,
,,,,,,
,,,,,,
,,,,,,
,,,,,,
,,,,,,
,,,,,,
,,,,,,
,,,,,,
,,,,,,
,,,,,,
,,,,,,
,,,,,,
,,,,,,
,,,,,,
,,,,,,
,,,,,,
,,,,,,
,,,,,,
,,,,,,
,,,,,,
,,,,,,
,,,,,,
,,,,,,
,,,,,,
,,,,,,
,,,,,,
,,,,,,
,,,,,,
,,,,,,
2/17/2025 10:27,0.04,Valid,,,N/A,N/A
2/17/2025 10:27,0.044,Valid,,,N/A,N/A
2/17/2025 10:27,0.043,Valid,,,N/A,N/A
2/17/2025 10:27,0.046,Valid,,,N/A,N/A
2/17/2025 10:27,0.045,Valid,,,N/A,N/A
2/17/2025 10:27,0.04,Valid,,,N/A,N/A
2/17/2025 10:27,0.047,Valid,,,N/A,N/A
2/17/2025 10:27,0.043,Valid,,,N/A,N/A
2/17/2025 10:27,0.048,Valid,,,N/A,N/A
2/17/2025 10:27,0.042,Valid,,,N/A,N/A
2/17/2025 10:27,0.049,Valid,,,N/A,N/A
2/17/2025 10:27,0.043,Valid,,,N/A,N/A
2/17/2025 10:27,0.051,Valid,,,N/A,N/A
2/17/2025 10:27,0.045,Valid,,,N/A,N/A
2/17/2025 10:27,0.051,Valid,,,N/A,N/A
2/17/2025 10:27,0.046,Valid,,,N/A,N/A
2/17/2025 10:27,0.045,Valid,,,N/A,N/A
2/17/2025 10:27,0.051,Valid,,,N/A,N/A
2/17/2025 10:28,0.046,Valid,,,N/A,N/A
2/17/2025 10:28,0.051,Valid,,,N/A,N/A
2/17/2025 10:28,0.046,Valid,,,N/A,N/A
2/17/2025 10:28,0.052,Valid,,,N/A,N/A
2/17/2025 10:28,0.049,Valid,,,N/A,N/A
2/17/2025 10:28,0.047,Valid,,,N/A,N/A
2/17/2025 10:28,0.043,Valid,,,N/A,N/A
2/17/2025 10:28,0.046,Valid,,,N/A,N/A
2/17/2025 10:28,0.048,Valid,,,N/A,N/A
2/17/2025 10:28,0.049,Valid,,,N/A,N/A
2/17/2025 10:28,0.047,Valid,,,N/A,N/A
2/17/2025 10:28,0.048,Valid,,,N/A,N/A
2/17/2025 10:28,0.045,Valid,,,N/A,N/A
2/17/2025 10:28,0.043,Valid,,,N/A,N/A
2/17/2025 10:28,0.049,Valid,,,N/A,N/A
2/17/2025 10:28,0.047,Valid,,,N/A,N/A
2/17/2025 10:28,0.05,Valid,,,N/A,N/A
2/17/2025 10:28,0.053,Valid,,,N/A,N/A
2/17/2025 10:28,0.047,Valid,,,N/A,N/A
2/17/2025 10:29,0.048,Valid,,,N/A,N/A
2/17/2025 10:29,0.051,Valid,,,N/A,N/A
2/17/2025 10:29,0.051,Valid,,,N/A,N/A
2/17/2025 10:29,0.054,Valid,,,N/A,N/A
2/17/2025 10:29,0.048,Valid,,,N/A,N/A
2/17/2025 10:29,0.051,Valid,,,N/A,N/A
2/17/2025 10:29,0.057,Valid,,,N/A,N/A
2/17/2025 10:29,0.06,Valid,,,N/A,N/A
2/17/2025 10:29,0.056,Valid,,,N/A,N/A
2/17/2025 10:29,0.058,Valid,,,N/A,N/A
2/17/2025 10:29,0.055,Valid,,,N/A,N/A
2/17/2025 10:29,0.052,Valid,,,N/A,N/A
2/17/2025 10:29,0.051,Valid,,,N/A,N/A
2/17/2025 10:29,0.054,Valid,,,N/A,N/A
2/17/2025 10:29,0.052,Valid,,,N/A,N/A
2/17/2025 10:29,0.05,Valid,,,N/A,N/A
2/17/2025 10:29,0.049,Valid,,,N/A,N/A
2/17/2025 10:29,0.051,Valid,,,N/A,N/A
2/17/2025 10:30,0.052,Valid,,,N/A,N/A
2/17/2025 10:30,0.056,Valid,,,N/A,N/A
2/17/2025 10:30,0.053,Valid,,,N/A,N/A
2/17/2025 10:30,0.056,Valid,,,N/A,N/A
2/17/2025 10:30,0.048,Valid,,,N/A,N/A
2/17/2025 10:30,0.043,Valid,,,N/A,N/A
2/17/2025 10:30,0.042,Valid,,,N/A,N/A
2/17/2025 10:30,0.048,Valid,,,N/A,N/A
2/17/2025 10:30,0.054,Valid,,,N/A,N/A
2/17/2025 10:30,0.05,Valid,,,N/A,N/A
2/17/2025 10:30,0.046,Valid,,,N/A,N/A
2/17/2025 10:30,0.049,Valid,,,N/A,N/A
2/17/2025 10:30,0.053,Valid,,,N/A,N/A
2/17/2025 10:30,0.05,Valid,,,N/A,N/A
2/17/2025 10:30,0.055,Valid,,,N/A,N/A
2/17/2025 10:30,0.055,Valid,,,N/A,N/A
2/17/2025 10:31,0.05,Valid,,,N/A,N/A
2/17/2025 10:31,0.051,Valid,,,N/A,N/A
2/17/2025 10:31,0.046,Valid,,,N/A,N/A
2/17/2025 10:31,0.057,Valid,,,N/A,N/A
2/17/2025 10:31,0.049,Valid,,,N/A,N/A
2/17/2025 10:31,0.056,Valid,,,N/A,N/A
2/17/2025 10:31,0.059,Valid,,,N/A,N/A
2/17/2025 10:31,0.053,Valid,,,N/A,N/A
2/17/2025 10:31,0.063,Valid,,,N/A,N/A
2/17/2025 10:31,0.055,Valid,,,N/A,N/A
2/17/2025 10:31,0.063,Valid,,,N/A,N/A
2/17/2025 10:31,0.053,Valid,,,N/A,N/A
2/17/2025 10:31,0.058,Valid,,,N/A,N/A
2/17/2025 10:31,0.06,Valid,,,N/A,N/A
2/17/2025 10:31,0.052,Valid,,,N/A,N/A
2/17/2025 10:31,0.059,Valid,,,N/A,N/A
2/17/2025 10:31,0.055,Valid,,,N/A,N/A
2/17/2025 10:31,0.049,Valid,,,N/A,N/A
2/17/2025 10:32,0.053,Valid,,,N/A,N/A
2/17/2025 10:32,0.063,Valid,,,N/A,N/A
2/17/2025 10:32,0.058,Valid,,,N/A,N/A
2/17/2025 10:32,0.05,Valid,,,N/A,N/A
2/17/2025 10:32,0.061,Valid,,,N/A,N/A
2/17/2025 10:32,0.046,Valid,,,N/A,N/A
2/17/2025 10:32,0.046,Valid,,,N/A,N/A
2/17/2025 10:32,0.053,Valid,,,N/A,N/A
2/17/2025 10:32,0.049,Valid,,,N/A,N/A
2/17/2025 10:32,0.054,Valid,,,N/A,N/A
2/17/2025 10:32,0.048,Valid,,,N/A,N/A
2/17/2025 10:32,0.057,Valid,,,N/A,N/A
2/17/2025 10:32,0.049,Valid,,,N/A,N/A
2/17/2025 10:32,0.057,Valid,,,N/A,N/A
2/17/2025 10:32,0.051,Valid,,,N/A,N/A
2/17/2025 10:32,0.059,Valid,,,N/A,N/A
2/17/2025 10:32,0.055,Valid,,,N/A,N/A
2/17/2025 10:32,0.06,Valid,,,N/A,N/A
2/17/2025 10:33,0.054,Valid,,,N/A,N/A
2/17/2025 10:33,0.058,Valid,,,N/A,N/A
2/17/2025 10:33,0.06,Valid,,,N/A,N/A
2/17/2025 10:33,0.064,Valid,,,N/A,N/A
2/17/2025 10:33,0.063,Valid,,,N/A,N/A
2/17/2025 10:33,0.065,Valid,,,N/A,N/A
2/17/2025 10:33,0.065,Valid,,,N/A,N/A
2/17/2025 10:33,0.056,Valid,,,N/A,N/A
2/17/2025 10:33,0.064,Valid,,,N/A,N/A
2/17/2025 10:33,0.05,Valid,,,N/A,N/A
2/17/2025 10:33,0.057,Valid,,,N/A,N/A
2/17/2025 10:33,0.065,Valid,,,N/A,N/A
2/17/2025 10:33,0.056,Valid,,,N/A,N/A
2/17/2025 10:33,0.065,Valid,,,N/A,N/A
2/17/2025 10:33,0.059,Valid,,,N/A,N/A
2/17/2025 10:33,0.063,Valid,,,N/A,N/A
2/17/2025 10:33,0.055,Valid,,,N/A,N/A
2/17/2025 10:33,0.061,Valid,,,N/A,N/A
2/17/2025 10:33,0.053,Valid,,,N/A,N/A
2/17/2025 10:33,0.059,Valid,,,N/A,N/A
2/17/2025 10:34,0.05,Valid,,,N/A,N/A
2/17/2025 10:34,0.055,Valid,,,N/A,N/A
2/17/2025 10:34,0.055,Valid,,,N/A,N/A
2/17/2025 10:34,0.043,Valid,,,N/A,N/A
2/17/2025 10:34,0.064,Valid,,,N/A,N/A
2/17/2025 10:34,0.054,Valid,,,N/A,N/A
2/17/2025 10:34,0.065,Valid,,,N/A,N/A
2/17/2025 10:34,0.057,Valid,,,N/A,N/A
2/17/2025 10:34,0.071,Valid,,,N/A,N/A
2/17/2025 10:34,0.05,Valid,,,N/A,N/A
2/17/2025 10:34,0.066,Valid,,,N/A,N/A
2/17/2025 10:34,0.053,Valid,,,N/A,N/A
2/17/2025 10:34,0.062,Valid,,,N/A,N/A
2/17/2025 10:34,0.049,Valid,,,N/A,N/A
2/17/2025 10:34,0.063,Valid,,,N/A,N/A
2/17/2025 10:34,0.05,Valid,,,N/A,N/A
2/17/2025 10:35,0.06,Valid,,,N/A,N/A
2/17/2025 10:35,0.047,Valid,,,N/A,N/A
2/17/2025 10:35,0.056,Valid,,,N/A,N/A
2/17/2025 10:35,0.048,Valid,,,N/A,N/A
2/17/2025 10:35,0.056,Valid,,,N/A,N/A
2/17/2025 10:35,0.06,Valid,,,N/A,N/A
2/17/2025 10:35,0.051,Valid,,,N/A,N/A
2/17/2025 10:35,0.054,Valid,,,N/A,N/A
2/17/2025 10:35,0.06,Valid,,,N/A,N/A
2/17/2025 10:35,0.051,Valid,,,N/A,N/A
2/17/2025 10:35,0.061,Valid,,,N/A,N/A
2/17/2025 10:35,0.044,Valid,,,N/A,N/A
2/17/2025 10:35,0.048,Valid,,,N/A,N/A
2/17/2025 10:35,0.048,Valid,,,N/A,N/A
2/17/2025 10:35,0.04,Valid,,,N/A,N/A
2/17/2025 10:35,0.042,Valid,,,N/A,N/A
2/17/2025 10:35,0.046,Valid,,,N/A,N/A
2/17/2025 10:35,0.05,Valid,,,N/A,N/A
2/17/2025 10:36,0.044,Valid,,,N/A,N/A
2/17/2025 10:36,0.057,Valid,,,N/A,N/A
2/17/2025 10:36,0.046,Valid,,,N/A,N/A
2/17/2025 10:36,0.058,Valid,,,N/A,N/A
2/17/2025 10:36,0.065,Valid,,,N/A,N/A
2/17/2025 10:36,0.054,Valid,,,N/A,N/A
2/17/2025 10:36,0.06,Valid,,,N/A,N/A
2/17/2025 10:36,0.056,Valid,,,N/A,N/A
2/17/2025 10:36,0.051,Valid,,,N/A,N/A
2/17/2025 10:36,0.061,Valid,,,N/A,N/A
2/17/2025 10:36,0.065,Valid,,,N/A,N/A
2/17/2025 10:36,0.063,Valid,,,N/A,N/A
2/17/2025 10:36,0.051,Valid,,,N/A,N/A
2/17/2025 10:36,0.052,Valid,,,N/A,N/A
2/17/2025 10:36,0.056,Valid,,,N/A,N/A
2/17/2025 10:36,0.056,Valid,,,N/A,N/A
2/17/2025 10:36,0.048,Valid,,,N/A,N/A
2/17/2025 10:36,0.047,Valid,,,N/A,N/A
2/17/2025 10:37,0.05,Valid,,,N/A,N/A
2/17/2025 10:37,0.052,Valid,,,N/A,N/A
2/17/2025 10:37,0.058,Valid,,,N/A,N/A
2/17/2025 10:37,0.058,Valid,,,N/A,N/A
2/17/2025 10:37,0.055,Valid,,,N/A,N/A
2/17/2025 10:37,0.057,Valid,,,N/A,N/A
2/17/2025 10:37,0.063,Valid,,,N/A,N/A
2/17/2025 10:37,0.067,Valid,,,N/A,N/A
2/17/2025 10:37,0.069,Valid,,,N/A,N/A
2/17/2025 10:37,0.061,Valid,,,N/A,N/A
2/17/2025 10:37,0.058,Valid,,,N/A,N/A
2/17/2025 10:37,0.054,Valid,,,N/A,N/A
2/17/2025 10:37,0.052,Valid,,,N/A,N/A
2/17/2025 10:37,0.062,Valid,,,N/A,N/A
2/17/2025 10:37,0.065,Valid,,,N/A,N/A
2/17/2025 10:37,0.055,Valid,,,N/A,N/A
2/17/2025 10:37,0.055,Valid,,,N/A,N/A
2/17/2025 10:37,0.066,Valid,,,N/A,N/A
2/17/2025 10:38,0.058,Valid,,,N/A,N/A
2/17/2025 10:38,0.07,Valid,,,N/A,N/A
2/17/2025 10:38,0.067,Valid,,,N/A,N/A
2/17/2025 10:38,0.056,Valid,,,N/A,N/A
2/17/2025 10:38,0.069,Valid,,,N/A,N/A
2/17/2025 10:38,0.058,Valid,,,N/A,N/A
2/17/2025 10:38,0.07,Valid,,,N/A,N/A
2/17/2025 10:38,0.058,Valid,,,N/A,N/A
2/17/2025 10:38,0.066,Valid,,,N/A,N/A
2/17/2025 10:38,0.058,Valid,,,N/A,N/A
2/17/2025 10:38,0.064,Valid,,,N/A,N/A
2/17/2025 10:38,0.066,Valid,,,N/A,N/A
2/17/2025 10:38,0.057,Valid,,,N/A,N/A
2/17/2025 10:38,0.064,Valid,,,N/A,N/A
2/17/2025 10:38,0.059,Valid,,,N/A,N/A
2/17/2025 10:38,0.067,Valid,,,N/A,N/A
2/17/2025 10:38,0.063,Valid,,,N/A,N/A
2/17/2025 10:38,0.06,Valid,,,N/A,N/A
2/17/2025 10:38,0.063,Valid,,,N/A,N/A
2/17/2025 10:39,0.054,Valid,,,N/A,N/A
2/17/2025 10:39,0.053,Valid,,,N/A,N/A
2/17/2025 10:39,0.06,Valid,,,N/A,N/A
2/17/2025 10:39,0.062,Valid,,,N/A,N/A
2/17/2025 10:39,0.054,Valid,,,N/A,N/A
2/17/2025 10:39,0.052,Valid,,,N/A,N/A
2/17/2025 10:39,0.058,Valid,,,N/A,N/A
2/17/2025 10:39,0.056,Valid,,,N/A,N/A
2/17/2025 10:39,0.055,Valid,,,N/A,N/A
2/17/2025 10:39,0.051,Valid,,,N/A,N/A
2/17/2025 10:39,0.063,Valid,,,N/A,N/A
2/17/2025 10:39,0.052,Valid,,,N/A,N/A
2/17/2025 10:39,0.06,Valid,,,N/A,N/A
2/17/2025 10:39,0.06,Valid,,,N/A,N/A
2/17/2025 10:39,0.049,Valid,,,N/A,N/A
2/17/2025 10:39,0.063,Valid,,,N/A,N/A
2/17/2025 10:39,0.05,Valid,,,N/A,N/A
2/17/2025 10:40,0.048,Valid,,,N/A,N/A
2/17/2025 10:40,0.058,Valid,,,N/A,N/A
2/17/2025 10:40,0.05,Valid,,,N/A,N/A
2/17/2025 10:40,0.059,Valid,,,N/A,N/A
2/17/2025 10:40,0.048,Valid,,,N/A,N/A
2/17/2025 10:40,0.06,Valid,,,N/A,N/A
2/17/2025 10:40,0.048,Valid,,,N/A,N/A
2/17/2025 10:40,0.06,Valid,,,N/A,N/A
2/17/2025 10:40,0.048,Valid,,,N/A,N/A
2/17/2025 10:40,0.059,Valid,,,N/A,N/A
2/17/2025 10:40,0.048,Valid,,,N/A,N/A
2/17/2025 10:40,0.059,Valid,,,N/A,N/A
2/17/2025 10:40,0.057,Valid,,,N/A,N/A
2/17/2025 10:40,0.048,Valid,,,N/A,N/A
2/17/2025 10:40,0.059,Valid,,,N/A,N/A
2/17/2025 10:40,0.048,Valid,,,N/A,N/A
2/17/2025 10:40,0.057,Valid,,,N/A,N/A
2/17/2025 10:40,0.048,Valid,,,N/A,N/A
2/17/2025 10:41,0.055,Valid,,,N/A,N/A
2/17/2025 10:41,0.047,Valid,,,N/A,N/A
2/17/2025 10:41,0.057,Valid,,,N/A,N/A
2/17/2025 10:41,0.053,Valid,,,N/A,N/A
2/17/2025 10:41,0.054,Valid,,,N/A,N/A
2/17/2025 10:41,0.067,Valid,,,N/A,N/A
2/17/2025 10:41,0.061,Valid,,,N/A,N/A
2/17/2025 10:41,0.072,Valid,,,N/A,N/A
2/17/2025 10:41,0.072,Valid,,,N/A,N/A
2/17/2025 10:41,0.064,Valid,,,N/A,N/A
2/17/2025 10:41,0.058,Valid,,,N/A,N/A
2/17/2025 10:41,0.058,Valid,,,N/A,N/A
2/17/2025 10:41,0.064,Valid,,,N/A,N/A
2/17/2025 10:41,0.065,Valid,,,N/A,N/A
2/17/2025 10:41,0.058,Valid,,,N/A,N/A
2/17/2025 10:41,0.06,Valid,,,N/A,N/A
2/17/2025 10:41,0.074,Valid,,,N/A,N/A
2/17/2025 10:41,0.068,Valid,,,N/A,N/A
2/17/2025 10:42,0.059,Valid,,,N/A,N/A
2/17/2025 10:42,0.061,Valid,,,N/A,N/A
2/17/2025 10:42,0.071,Valid,,,N/A,N/A
2/17/2025 10:42,0.069,Valid,,,N/A,N/A
2/17/2025 10:42,0.068,Valid,,,N/A,N/A
2/17/2025 10:42,0.058,Valid,,,N/A,N/A
2/17/2025 10:42,0.057,Valid,,,N/A,N/A
2/17/2025 10:42,0.073,Valid,,,N/A,N/A
2/17/2025 10:42,0.077,Valid,,,N/A,N/A
2/17/2025 10:42,0.054,Valid,,,N/A,N/A
2/17/2025 10:42,0.05,Valid,,,N/A,N/A
2/17/2025 10:42,0.061,Valid,,,N/A,N/A
2/17/2025 10:42,0.066,Valid,,,N/A,N/A
2/17/2025 10:42,0.046,Valid,,,N/A,N/A
2/17/2025 10:42,0.049,Valid,,,N/A,N/A
2/17/2025 10:42,0.056,Valid,,,N/A,N/A
2/17/2025 10:42,0.051,Valid,,,N/A,N/A
2/17/2025 10:42,0.055,Valid,,,N/A,N/A
2/17/2025 10:42,0.059,Valid,,,N/A,N/A
2/17/2025 10:43,0.053,Valid,,,N/A,N/A
2/17/2025 10:43,0.053,Valid,,,N/A,N/A
2/17/2025 10:43,0.065,Valid,,,N/A,N/A
2/17/2025 10:43,0.052,Valid,,,N/A,N/A
2/17/2025 10:43,0.067,Valid,,,N/A,N/A
2/17/2025 10:43,0.055,Valid,,,N/A,N/A
2/17/2025 10:43,0.07,Valid,,,N/A,N/A
2/17/2025 10:43,0.047,Valid,,,N/A,N/A
2/17/2025 10:43,0.066,Valid,,,N/A,N/A
2/17/2025 10:43,0.048,Valid,,,N/A,N/A
2/17/2025 10:43,0.06,Valid,,,N/A,N/A
2/17/2025 10:43,0.043,Valid,,,N/A,N/A
2/17/2025 10:43,0.062,Valid,,,N/A,N/A
2/17/2025 10:43,0.045,Valid,,,N/A,N/A
2/17/2025 10:43,0.061,Valid,,,N/A,N/A
2/17/2025 10:43,0.056,Valid,,,N/A,N/A
2/17/2025 10:43,0.047,Valid,,,N/A,N/A
2/17/2025 10:43,0.059,Valid,,,N/A,N/A
2/17/2025 10:43,0.048,Valid,,,N/A,N/A
2/17/2025 10:43,0.047,Valid,,,N/A,N/A
2/17/2025 10:43,0.061,Valid,,,N/A,N/A
2/17/2025 10:44,0.049,Valid,,,N/A,N/A
2/17/2025 10:44,0.06,Valid,,,N/A,N/A
2/17/2025 10:44,0.053,Valid,,,N/A,N/A
2/17/2025 10:44,0.049,Valid,,,N/A,N/A
2/17/2025 10:44,0.051,Valid,,,N/A,N/A
2/17/2025 10:44,0.056,Valid,,,N/A,N/A
2/17/2025 10:44,0.061,Valid,,,N/A,N/A
2/17/2025 10:44,0.064,Valid,,,N/A,N/A
2/17/2025 10:44,0.046,Valid,,,N/A,N/A
2/17/2025 10:44,0.05,Valid,,,N/A,N/A
2/17/2025 10:44,0.042,Valid,,,N/A,N/A
2/17/2025 10:44,0.053,Valid,,,N/A,N/A
2/17/2025 10:44,0.043,Valid,,,N/A,N/A
2/17/2025 10:44,0.042,Valid,,,N/A,N/A
2/17/2025 10:44,0.05,Valid,,,N/A,N/A
2/17/2025 10:44,0.057,Valid,,,N/A,N/A
2/17/2025 10:44,0.045,Valid,,,N/A,N/A
2/17/2025 10:45,0.062,Valid,,,N/A,N/A
2/17/2025 10:45,0.047,Valid,,,N/A,N/A
2/17/2025 10:45,0.059,Valid,,,N/A,N/A
2/17/2025 10:45,0.048,Valid,,,N/A,N/A
2/17/2025 10:45,0.061,Valid,,,N/A,N/A
2/17/2025 10:45,0.052,Valid,,,N/A,N/A
2/17/2025 10:45,0.053,Valid,,,N/A,N/A
2/17/2025 10:45,0.062,Valid,,,N/A,N/A
2/17/2025 10:45,0.061,Valid,,,N/A,N/A
2/17/2025 10:45,0.064,Valid,,,N/A,N/A
2/17/2025 10:45,0.062,Valid,,,N/A,N/A
2/17/2025 10:45,0.064,Valid,,,N/A,N/A
2/17/2025 10:45,0.062,Valid,,,N/A,N/A
2/17/2025 10:45,0.062,Valid,,,N/A,N/A
2/17/2025 10:45,0.052,Valid,,,N/A,N/A
2/17/2025 10:45,0.051,Valid,,,N/A,N/A
2/17/2025 10:45,0.059,Valid,,,N/A,N/A
2/17/2025 10:45,0.062,Valid,,,N/A,N/A
2/17/2025 10:46,0.053,Valid,,,N/A,N/A
2/17/2025 10:46,0.053,Valid,,,N/A,N/A
2/17/2025 10:46,0.063,Valid,,,N/A,N/A
2/17/2025 10:46,0.067,Valid,,,N/A,N/A
2/17/2025 10:46,0.063,Valid,,,N/A,N/A
2/17/2025 10:46,0.061,Valid,,,N/A,N/A
2/17/2025 10:46,0.065,Valid,,,N/A,N/A
2/17/2025 10:46,0.063,Valid,,,N/A,N/A
2/17/2025 10:46,0.057,Valid,,,N/A,N/A
2/17/2025 10:46,0.054,Valid,,,N/A,N/A
2/17/2025 10:46,0.067,Valid,,,N/A,N/A
2/17/2025 10:46,0.055,Valid,,,N/A,N/A
2/17/2025 10:46,0.059,Valid,,,N/A,N/A
2/17/2025 10:46,0.069,Valid,,,N/A,N/A
2/17/2025 10:46,0.065,Valid,,,N/A,N/A
2/17/2025 10:46,0.053,Valid,,,N/A,N/A
2/17/2025 10:46,0.055,Valid,,,N/A,N/A
2/17/2025 10:46,0.064,Valid,,,N/A,N/A
2/17/2025 10:47,0.057,Valid,,,N/A,N/A
2/17/2025 10:47,0.068,Valid,,,N/A,N/A
2/17/2025 10:47,0.056,Valid,,,N/A,N/A
2/17/2025 10:47,0.066,Valid,,,N/A,N/A
2/17/2025 10:47,0.058,Valid,,,N/A,N/A
2/17/2025 10:47,0.059,Valid,,,N/A,N/A
2/17/2025 10:47,0.069,Valid,,,N/A,N/A
2/17/2025 10:47,0.06,Valid,,,N/A,N/A
2/17/2025 10:47,0.063,Valid,,,N/A,N/A
2/17/2025 10:47,0.065,Valid,,,N/A,N/A
2/17/2025 10:47,0.058,Valid,,,N/A,N/A
2/17/2025 10:47,0.056,Valid,,,N/A,N/A
2/17/2025 10:47,0.058,Valid,,,N/A,N/A
2/17/2025 10:47,0.065,Valid,,,N/A,N/A
2/17/2025 10:47,0.061,Valid,,,N/A,N/A
2/17/2025 10:47,0.053,Valid,,,N/A,N/A
2/17/2025 10:47,0.058,Valid,,,N/A,N/A
2/17/2025 10:47,0.057,Valid,,,N/A,N/A
2/17/2025 10:48,0.054,Valid,,,N/A,N/A
2/17/2025 10:48,0.053,Valid,,,N/A,N/A
2/17/2025 10:48,0.06,Valid,,,N/A,N/A
2/17/2025 10:48,0.064,Valid,,,N/A,N/A
2/17/2025 10:48,0.056,Valid,,,N/A,N/A
2/17/2025 10:48,0.054,Valid,,,N/A,N/A
2/17/2025 10:48,0.059,Valid,,,N/A,N/A
2/17/2025 10:48,0.061,Valid,,,N/A,N/A
2/17/2025 10:48,0.052,Valid,,,N/A,N/A
2/17/2025 10:48,0.051,Valid,,,N/A,N/A
2/17/2025 10:48,0.061,Valid,,,N/A,N/A
2/17/2025 10:48,0.057,Valid,,,N/A,N/A
2/17/2025 10:48,0.049,Valid,,,N/A,N/A
2/17/2025 10:48,0.059,Valid,,,N/A,N/A
2/17/2025 10:48,0.047,Valid,,,N/A,N/A
2/17/2025 10:48,0.053,Valid,,,N/A,N/A
2/17/2025 10:48,0.054,Valid,,,N/A,N/A
2/17/2025 10:48,0.049,Valid,,,N/A,N/A
2/17/2025 10:49,0.059,Valid,,,N/A,N/A
2/17/2025 10:49,0.048,Valid,,,N/A,N/A
2/17/2025 10:49,0.059,Valid,,,N/A,N/A
2/17/2025 10:49,0.059,Valid,,,N/A,N/A
2/17/2025 10:49,0.049,Valid,,,N/A,N/A
2/17/2025 10:49,0.058,Valid,,,N/A,N/A
2/17/2025 10:49,0.05,Valid,,,N/A,N/A
2/17/2025 10:49,0.056,Valid,,,N/A,N/A
2/17/2025 10:49,0.05,Valid,,,N/A,N/A
2/17/2025 10:49,0.058,Valid,,,N/A,N/A
2/17/2025 10:49,0.05,Valid,,,N/A,N/A
2/17/2025 10:49,0.057,Valid,,,N/A,N/A
2/17/2025 10:49,0.051,Valid,,,N/A,N/A
2/17/2025 10:49,0.059,Valid,,,N/A,N/A
2/17/2025 10:49,0.051,Valid,,,N/A,N/A
2/17/2025 10:49,0.062,Valid,,,N/A,N/A
2/17/2025 10:49,0.052,Valid,,,N/A,N/A
2/17/2025 10:49,0.061,Valid,,,N/A,N/A
2/17/2025 10:50,0.054,Valid,,,N/A,N/A
2/17/2025 10:50,0.06,Valid,,,N/A,N/A
2/17/2025 10:50,0.051,Valid,,,N/A,N/A
2/17/2025 10:50,0.06,Valid,,,N/A,N/A
2/17/2025 10:50,0.051,Valid,,,N/A,N/A
2/17/2025 10:50,0.06,Valid,,,N/A,N/A
2/17/2025 10:50,0.052,Valid,,,N/A,N/A
2/17/2025 10:50,0.06,Valid,,,N/A,N/A
2/17/2025 10:50,0.053,Valid,,,N/A,N/A
2/17/2025 10:50,0.06,Valid,,,N/A,N/A
2/17/2025 10:50,0.065,Valid,,,N/A,N/A
2/17/2025 10:50,0.054,Valid,,,N/A,N/A
2/17/2025 10:50,0.066,Valid,,,N/A,N/A
2/17/2025 10:50,0.056,Valid,,,N/A,N/A
2/17/2025 10:50,0.069,Valid,,,N/A,N/A
2/17/2025 10:50,0.067,Valid,,,N/A,N/A
2/17/2025 10:50,0.061,Valid,,,N/A,N/A
2/17/2025 10:50,0.06,Valid,,,N/A,N/A
2/17/2025 10:50,0.074,Valid,,,N/A,N/A
2/17/2025 10:51,0.059,Valid,,,N/A,N/A
2/17/2025 10:51,0.067,Valid,,,N/A,N/A
2/17/2025 10:51,0.075,Valid,,,N/A,N/A
2/17/2025 10:51,0.069,Valid,,,N/A,N/A
2/17/2025 10:51,0.068,Valid,,,N/A,N/A
2/17/2025 10:51,0.062,Valid,,,N/A,N/A
2/17/2025 10:51,0.067,Valid,,,N/A,N/A
2/17/2025 10:51,0.066,Valid,,,N/A,N/A
2/17/2025 10:51,0.063,Valid,,,N/A,N/A
2/17/2025 10:51,0.064,Valid,,,N/A,N/A
2/17/2025 10:51,0.07,Valid,,,N/A,N/A
2/17/2025 10:51,0.066,Valid,,,N/A,N/A
2/17/2025 10:51,0.058,Valid,,,N/A,N/A
2/17/2025 10:51,0.069,Valid,,,N/A,N/A
2/17/2025 10:51,0.058,Valid,,,N/A,N/A
2/17/2025 10:51,0.073,Valid,,,N/A,N/A
2/17/2025 10:51,0.063,Valid,,,N/A,N/A
2/17/2025 10:51,0.069,Valid,,,N/A,N/A
2/17/2025 10:52,0.063,Valid,,,N/A,N/A
2/17/2025 10:52,0.063,Valid,,,N/A,N/A
2/17/2025 10:52,0.071,Valid,,,N/A,N/A
2/17/2025 10:52,0.069,Valid,,,N/A,N/A
2/17/2025 10:52,0.061,Valid,,,N/A,N/A
2/17/2025 10:52,0.057,Valid,,,N/A,N/A
2/17/2025 10:52,0.064,Valid,,,N/A,N/A
2/17/2025 10:52,0.057,Valid,,,N/A,N/A
2/17/2025 10:52,0.069,Valid,,,N/A,N/A
2/17/2025 10:52,0.067,Valid,,,N/A,N/A
2/17/2025 10:52,0.055,Valid,,,N/A,N/A
2/17/2025 10:52,0.051,Valid,,,N/A,N/A
2/17/2025 10:52,0.06,Valid,,,N/A,N/A
2/17/2025 10:52,0.066,Valid,,,N/A,N/A
2/17/2025 10:52,0.054,Valid,,,N/A,N/A
2/17/2025 10:52,0.049,Valid,,,N/A,N/A
2/17/2025 10:52,0.056,Valid,,,N/A,N/A
2/17/2025 10:52,0.052,Valid,,,N/A,N/A
2/17/2025 10:53,0.052,Valid,,,N/A,N/A
2/17/2025 10:53,0.055,Valid,,,N/A,N/A
2/17/2025 10:53,0.047,Valid,,,N/A,N/A
2/17/2025 10:53,0.058,Valid,,,N/A,N/A
2/17/2025 10:53,0.064,Valid,,,N/A,N/A
2/17/2025 10:53,0.045,Valid,,,N/A,N/A
2/17/2025 10:53,0.053,Valid,,,N/A,N/A
2/17/2025 10:53,0.07,Valid,,,N/A,N/A
2/17/2025 10:53,0.069,Valid,,,N/A,N/A
2/17/2025 10:53,0.052,Valid,,,N/A,N/A
2/17/2025 10:53,0.048,Valid,,,N/A,N/A
2/17/2025 10:53,0.064,Valid,,,N/A,N/A
2/17/2025 10:53,0.051,Valid,,,N/A,N/A
2/17/2025 10:53,0.06,Valid,,,N/A,N/A
2/17/2025 10:53,0.048,Valid,,,N/A,N/A
2/17/2025 10:53,0.056,Valid,,,N/A,N/A
2/17/2025 10:53,0.05,Valid,,,N/A,N/A
2/17/2025 10:53,0.061,Valid,,,N/A,N/A
2/17/2025 10:53,0.063,Valid,,,N/A,N/A
2/17/2025 10:53,0.048,Valid,,,N/A,N/A
2/17/2025 10:54,0.065,Valid,,,N/A,N/A
2/17/2025 10:54,0.046,Valid,,,N/A,N/A
2/17/2025 10:54,0.06,Valid,,,N/A,N/A
2/17/2025 10:54,0.047,Valid,,,N/A,N/A
2/17/2025 10:54,0.06,Valid,,,N/A,N/A
2/17/2025 10:54,0.051,Valid,,,N/A,N/A
2/17/2025 10:54,0.058,Valid,,,N/A,N/A
2/17/2025 10:54,0.062,Valid,,,N/A,N/A
2/17/2025 10:54,0.052,Valid,,,N/A,N/A
2/17/2025 10:54,0.064,Valid,,,N/A,N/A
2/17/2025 10:54,0.057,Valid,,,N/A,N/A
2/17/2025 10:54,0.05,Valid,,,N/A,N/A
2/17/2025 10:54,0.047,Valid,,,N/A,N/A
2/17/2025 10:54,0.051,Valid,,,N/A,N/A
2/17/2025 10:54,0.059,Valid,,,N/A,N/A
2/17/2025 10:54,0.058,Valid,,,N/A,N/A
2/17/2025 10:55,0.047,Valid,,,N/A,N/A
2/17/2025 10:55,0.044,Valid,,,N/A,N/A
2/17/2025 10:55,0.052,Valid,,,N/A,N/A
2/17/2025 10:55,0.053,Valid,,,N/A,N/A
2/17/2025 10:55,0.047,Valid,,,N/A,N/A
2/17/2025 10:55,0.044,Valid,,,N/A,N/A
2/17/2025 10:55,0.05,Valid,,,N/A,N/A
2/17/2025 10:55,0.047,Valid,,,N/A,N/A
2/17/2025 10:55,0.052,Valid,,,N/A,N/A
2/17/2025 10:55,0.052,Valid,,,N/A,N/A
2/17/2025 10:55,0.047,Valid,,,N/A,N/A
2/17/2025 10:55,0.051,Valid,,,N/A,N/A
2/17/2025 10:55,0.046,Valid,,,N/A,N/A
2/17/2025 10:55,0.057,Valid,,,N/A,N/A
2/17/2025 10:55,0.056,Valid,,,N/A,N/A
2/17/2025 10:55,0.047,Valid,,,N/A,N/A
2/17/2025 10:55,0.052,Valid,,,N/A,N/A
2/17/2025 10:55,0.06,Valid,,,N/A,N/A
2/17/2025 10:56,0.055,Valid,,,N/A,N/A
2/17/2025 10:56,0.05,Valid,,,N/A,N/A
2/17/2025 10:56,0.053,Valid,,,N/A,N/A
2/17/2025 10:56,0.057,Valid,,,N/A,N/A
2/17/2025 10:56,0.057,Valid,,,N/A,N/A
2/17/2025 10:56,0.054,Valid,,,N/A,N/A
2/17/2025 10:56,0.059,Valid,,,N/A,N/A
2/17/2025 10:56,0.049,Valid,,,N/A,N/A
2/17/2025 10:56,0.049,Valid,,,N/A,N/A
2/17/2025 10:56,0.057,Valid,,,N/A,N/A
2/17/2025 10:56,0.058,Valid,,,N/A,N/A
2/17/2025 10:56,0.054,Valid,,,N/A,N/A
2/17/2025 10:56,0.058,Valid,,,N/A,N/A
2/17/2025 10:56,0.054,Valid,,,N/A,N/A
2/17/2025 10:56,0.054,Valid,,,N/A,N/A
2/17/2025 10:56,0.057,Valid,,,N/A,N/A
2/17/2025 10:56,0.058,Valid,,,N/A,N/A
2/17/2025 10:56,0.051,Valid,,,N/A,N/A
2/17/2025 10:56,0.05,Valid,,,N/A,N/A
2/17/2025 10:57,0.058,Valid,,,N/A,N/A
2/17/2025 10:57,0.063,Valid,,,N/A,N/A
2/17/2025 10:57,0.057,Valid,,,N/A,N/A
2/17/2025 10:57,0.051,Valid,,,N/A,N/A
2/17/2025 10:57,0.059,Valid,,,N/A,N/A
2/17/2025 10:57,0.054,Valid,,,N/A,N/A
2/17/2025 10:57,0.055,Valid,,,N/A,N/A
2/17/2025 10:57,0.066,Valid,,,N/A,N/A
2/17/2025 10:57,0.055,Valid,,,N/A,N/A
2/17/2025 10:57,0.066,Valid,,,N/A,N/A
2/17/2025 10:57,0.055,Valid,,,N/A,N/A
2/17/2025 10:57,0.066,Valid,,,N/A,N/A
2/17/2025 10:57,0.056,Valid,,,N/A,N/A
2/17/2025 10:57,0.055,Valid,,,N/A,N/A
2/17/2025 10:57,0.059,Valid,,,N/A,N/A
2/17/2025 10:57,0.061,Valid,,,N/A,N/A
2/17/2025 10:57,0.054,Valid,,,N/A,N/A
2/17/2025 10:57,0.054,Valid,,,N/A,N/A
2/17/2025 10:58,0.063,Valid,,,N/A,N/A
2/17/2025 10:58,0.061,Valid,,,N/A,N/A
2/17/2025 10:58,0.052,Valid,,,N/A,N/A
2/17/2025 10:58,0.048,Valid,,,N/A,N/A
2/17/2025 10:58,0.051,Valid,,,N/A,N/A
2/17/2025 10:58,0.062,Valid,,,N/A,N/A
2/17/2025 10:58,0.056,Valid,,,N/A,N/A
2/17/2025 10:58,0.051,Valid,,,N/A,N/A
2/17/2025 10:58,0.049,Valid,,,N/A,N/A
2/17/2025 10:58,0.063,Valid,,,N/A,N/A
2/17/2025 10:58,0.059,Valid,,,N/A,N/A
2/17/2025 10:58,0.051,Valid,,,N/A,N/A
2/17/2025 10:58,0.052,Valid,,,N/A,N/A
2/17/2025 10:58,0.059,Valid,,,N/A,N/A
2/17/2025 10:58,0.049,Valid,,,N/A,N/A
2/17/2025 10:58,0.059,Valid,,,N/A,N/A
2/17/2025 10:58,0.05,Valid,,,N/A,N/A
2/17/2025 10:58,0.051,Valid,,,N/A,N/A
2/17/2025 10:59,0.056,Valid,,,N/A,N/A
2/17/2025 10:59,0.05,Valid,,,N/A,N/A
2/17/2025 10:59,0.056,Valid,,,N/A,N/A
2/17/2025 10:59,0.058,Valid,,,N/A,N/A
2/17/2025 10:59,0.049,Valid,,,N/A,N/A
2/17/2025 10:59,0.056,Valid,,,N/A,N/A
2/17/2025 10:59,0.049,Valid,,,N/A,N/A
2/17/2025 10:59,0.057,Valid,,,N/A,N/A
2/17/2025 10:59,0.049,Valid,,,N/A,N/A
2/17/2025 10:59,0.056,Valid,,,N/A,N/A
2/17/2025 10:59,0.049,Valid,,,N/A,N/A
2/17/2025 10:59,0.056,Valid,,,N/A,N/A
2/17/2025 10:59,0.05,Valid,,,N/A,N/A
2/17/2025 10:59,0.056,Valid,,,N/A,N/A
2/17/2025 10:59,0.049,Valid,,,N/A,N/A
2/17/2025 10:59,0.055,Valid,,,N/A,N/A
2/17/2025 10:59,0.05,Valid,,,N/A,N/A
2/17/2025 10:59,0.056,Valid,,,N/A,N/A
2/17/2025 10:59,0.049,Valid,,,N/A,N/A
2/17/2025 11:00,0.055,Valid,,,N/A,N/A
2/17/2025 11:00,0.05,Valid,,,N/A,N/A
2/17/2025 11:00,0.058,Valid,,,N/A,N/A
2/17/2025 11:00,0.051,Valid,,,N/A,N/A
2/17/2025 11:00,0.059,Valid,,,N/A,N/A
2/17/2025 11:00,0.054,Valid,,,N/A,N/A
2/17/2025 11:00,0.062,Valid,,,N/A,N/A
2/17/2025 11:00,0.054,Valid,,,N/A,N/A
2/17/2025 11:00,0.064,Valid,,,N/A,N/A
2/17/2025 11:00,0.055,Valid,,,N/A,N/A
2/17/2025 11:00,0.062,Valid,,,N/A,N/A
2/17/2025 11:00,0.055,Valid,,,N/A,N/A
2/17/2025 11:00,0.062,Valid,,,N/A,N/A
2/17/2025 11:00,0.054,Valid,,,N/A,N/A
2/17/2025 11:00,0.056,Valid,,,N/A,N/A
2/17/2025 11:00,0.064,Valid,,,N/A,N/A
2/17/2025 11:00,0.055,Valid,,,N/A,N/A
2/17/2025 11:00,0.064,Valid,,,N/A,N/A
2/17/2025 11:01,0.056,Valid,,,N/A,N/A
2/17/2025 11:01,0.064,Valid,,,N/A,N/A
2/17/2025 11:01,0.057,Valid,,,N/A,N/A
2/17/2025 11:01,0.063,Valid,,,N/A,N/A
2/17/2025 11:01,0.065,Valid,,,N/A,N/A
2/17/2025 11:01,0.056,Valid,,,N/A,N/A
2/17/2025 11:01,0.067,Valid,,,N/A,N/A
2/17/2025 11:01,0.057,Valid,,,N/A,N/A
2/17/2025 11:01,0.067,Valid,,,N/A,N/A
2/17/2025 11:01,0.069,Valid,,,N/A,N/A
2/17/2025 11:01,0.06,Valid,,,N/A,N/A
2/17/2025 11:01,0.064,Valid,,,N/A,N/A
2/17/2025 11:01,0.07,Valid,,,N/A,N/A
2/17/2025 11:01,0.058,Valid,,,N/A,N/A
2/17/2025 11:01,0.072,Valid,,,N/A,N/A
2/17/2025 11:01,0.073,Valid,,,N/A,N/A
2/17/2025 11:01,0.06,Valid,,,N/A,N/A
2/17/2025 11:01,0.073,Valid,,,N/A,N/A
2/17/2025 11:01,0.069,Valid,,,N/A,N/A
2/17/2025 11:02,0.059,Valid,,,N/A,N/A
2/17/2025 11:02,0.059,Valid,,,N/A,N/A
2/17/2025 11:02,0.065,Valid,,,N/A,N/A
2/17/2025 11:02,0.059,Valid,,,N/A,N/A
2/17/2025 11:02,0.062,Valid,,,N/A,N/A
2/17/2025 11:02,0.067,Valid,,,N/A,N/A
2/17/2025 11:02,0.064,Valid,,,N/A,N/A
2/17/2025 11:02,0.069,Valid,,,N/A,N/A
2/17/2025 11:02,0.067,Valid,,,N/A,N/A
2/17/2025 11:02,0.064,Valid,,,N/A,N/A
2/17/2025 11:02,0.063,Valid,,,N/A,N/A
2/17/2025 11:02,0.055,Valid,,,N/A,N/A
2/17/2025 11:02,0.054,Valid,,,N/A,N/A
2/17/2025 11:02,0.07,Valid,,,N/A,N/A
2/17/2025 11:02,0.057,Valid,,,N/A,N/A
2/17/2025 11:02,0.073,Valid,,,N/A,N/A
2/17/2025 11:02,0.059,Valid,,,N/A,N/A
2/17/2025 11:03,0.057,Valid,,,N/A,N/A
2/17/2025 11:03,0.069,Valid,,,N/A,N/A
2/17/2025 11:03,0.069,Valid,,,N/A,N/A
2/17/2025 11:03,0.062,Valid,,,N/A,N/A
2/17/2025 11:03,0.065,Valid,,,N/A,N/A
2/17/2025 11:03,0.07,Valid,,,N/A,N/A
2/17/2025 11:03,0.069,Valid,,,N/A,N/A
2/17/2025 11:03,0.059,Valid,,,N/A,N/A
2/17/2025 11:03,0.061,Valid,,,N/A,N/A
2/17/2025 11:03,0.055,Valid,,,N/A,N/A
2/17/2025 11:03,0.059,Valid,,,N/A,N/A
2/17/2025 11:03,0.066,Valid,,,N/A,N/A
2/17/2025 11:03,0.071,Valid,,,N/A,N/A
2/17/2025 11:03,0.057,Valid,,,N/A,N/A
2/17/2025 11:03,0.057,Valid,,,N/A,N/A
2/17/2025 11:03,0.061,Valid,,,N/A,N/A
2/17/2025 11:03,0.055,Valid,,,N/A,N/A
2/17/2025 11:03,0.061,Valid,,,N/A,N/A
2/17/2025 11:03,0.055,Valid,,,N/A,N/A
2/17/2025 11:04,0.067,Valid,,,N/A,N/A
2/17/2025 11:04,0.053,Valid,,,N/A,N/A
2/17/2025 11:04,0.063,Valid,,,N/A,N/A
2/17/2025 11:04,0.053,Valid,,,N/A,N/A
2/17/2025 11:04,0.05,Valid,,,N/A,N/A
2/17/2025 11:04,0.052,Valid,,,N/A,N/A
2/17/2025 11:04,0.051,Valid,,,N/A,N/A
2/17/2025 11:04,0.061,Valid,,,N/A,N/A
2/17/2025 11:04,0.058,Valid,,,N/A,N/A
2/17/2025 11:04,0.064,Valid,,,N/A,N/A
2/17/2025 11:04,0.06,Valid,,,N/A,N/A
2/17/2025 11:04,0.046,Valid,,,N/A,N/A
2/17/2025 11:04,0.057,Valid,,,N/A,N/A
2/17/2025 11:04,0.049,Valid,,,N/A,N/A
2/17/2025 11:04,0.064,Valid,,,N/A,N/A
2/17/2025 11:04,0.049,Valid,,,N/A,N/A
2/17/2025 11:04,0.06,Valid,,,N/A,N/A
2/17/2025 11:04,0.049,Valid,,,N/A,N/A
2/17/2025 11:05,0.072,Valid,,,N/A,N/A
2/17/2025 11:05,0.061,Valid,,,N/A,N/A
2/17/2025 11:05,0.069,Valid,,,N/A,N/A
2/17/2025 11:05,0.052,Valid,,,N/A,N/A
2/17/2025 11:05,0.063,Valid,,,N/A,N/A
2/17/2025 11:05,0.052,Valid,,,N/A,N/A
2/17/2025 11:05,0.064,Valid,,,N/A,N/A
2/17/2025 11:05,0.05,Valid,,,N/A,N/A
2/17/2025 11:05,0.062,Valid,,,N/A,N/A
2/17/2025 11:05,0.045,Valid,,,N/A,N/A
2/17/2025 11:05,0.059,Valid,,,N/A,N/A
2/17/2025 11:05,0.048,Valid,,,N/A,N/A
2/17/2025 11:05,0.06,Valid,,,N/A,N/A
2/17/2025 11:05,0.05,Valid,,,N/A,N/A
2/17/2025 11:05,0.064,Valid,,,N/A,N/A
2/17/2025 11:05,0.048,Valid,,,N/A,N/A
2/17/2025 11:05,0.058,Valid,,,N/A,N/A
2/17/2025 11:05,0.047,Valid,,,N/A,N/A
2/17/2025 11:06,0.061,Valid,,,N/A,N/A
2/17/2025 11:06,0.047,Valid,,,N/A,N/A
2/17/2025 11:06,0.057,Valid,,,N/A,N/A
2/17/2025 11:06,0.047,Valid,,,N/A,N/A
2/17/2025 11:06,0.061,Valid,,,N/A,N/A
2/17/2025 11:06,0.048,Valid,,,N/A,N/A
2/17/2025 11:06,0.064,Valid,,,N/A,N/A
2/17/2025 11:06,0.062,Valid,,,N/A,N/A
2/17/2025 11:06,0.056,Valid,,,N/A,N/A
2/17/2025 11:06,0.06,Valid,,,N/A,N/A
2/17/2025 11:06,0.052,Valid,,,N/A,N/A
2/17/2025 11:06,0.046,Valid,,,N/A,N/A
2/17/2025 11:06,0.048,Valid,,,N/A,N/A
2/17/2025 11:06,0.056,Valid,,,N/A,N/A
2/17/2025 11:06,0.055,Valid,,,N/A,N/A
2/17/2025 11:06,0.058,Valid,,,N/A,N/A
2/17/2025 11:06,0.062,Valid,,,N/A,N/A
2/17/2025 11:07,0.057,Valid,,,N/A,N/A
2/17/2025 11:07,0.055,Valid,,,N/A,N/A
2/17/2025 11:07,0.046,Valid,,,N/A,N/A
2/17/2025 11:07,0.045,Valid,,,N/A,N/A
2/17/2025 11:07,0.054,Valid,,,N/A,N/A
2/17/2025 11:07,0.043,Valid,,,N/A,N/A
2/17/2025 11:07,0.047,Valid,,,N/A,N/A
2/17/2025 11:07,0.041,Valid,,,N/A,N/A
2/17/2025 11:07,0.041,Valid,,,N/A,N/A
2/17/2025 11:07,0.045,Valid,,,N/A,N/A
2/17/2025 11:07,0.043,Valid,,,N/A,N/A
2/17/2025 11:07,0.052,Valid,,,N/A,N/A
2/17/2025 11:07,0.053,Valid,,,N/A,N/A
2/17/2025 11:07,0.046,Valid,,,N/A,N/A
2/17/2025 11:07,0.046,Valid,,,N/A,N/A
2/17/2025 11:07,0.052,Valid,,,N/A,N/A
2/17/2025 11:07,0.048,Valid,,,N/A,N/A
2/17/2025 11:07,0.054,Valid,,,N/A,N/A
2/17/2025 11:07,0.046,Valid,,,N/A,N/A
2/17/2025 11:08,0.055,Valid,,,N/A,N/A
2/17/2025 11:08,0.046,Valid,,,N/A,N/A
2/17/2025 11:08,0.058,Valid,,,N/A,N/A
2/17/2025 11:08,0.046,Valid,,,N/A,N/A
2/17/2025 11:08,0.054,Valid,,,N/A,N/A
2/17/2025 11:08,0.058,Valid,,,N/A,N/A
2/17/2025 11:08,0.05,Valid,,,N/A,N/A
2/17/2025 11:08,0.054,Valid,,,N/A,N/A
2/17/2025 11:08,0.049,Valid,,,N/A,N/A
2/17/2025 11:08,0.053,Valid,,,N/A,N/A
2/17/2025 11:08,0.051,Valid,,,N/A,N/A
2/17/2025 11:08,0.054,Valid,,,N/A,N/A
2/17/2025 11:08,0.054,Valid,,,N/A,N/A
2/17/2025 11:08,0.049,Valid,,,N/A,N/A
2/17/2025 11:08,0.05,Valid,,,N/A,N/A
2/17/2025 11:08,0.052,Valid,,,N/A,N/A
2/17/2025 11:08,0.052,Valid,,,N/A,N/A
2/17/2025 11:09,0.054,Valid,,,N/A,N/A
2/17/2025 11:09,0.054,Valid,,,N/A,N/A
2/17/2025 11:09,0.055,Valid,,,N/A,N/A
2/17/2025 11:09,0.052,Valid,,,N/A,N/A
2/17/2025 11:09,0.052,Valid,,,N/A,N/A
2/17/2025 11:09,0.054,Valid,,,N/A,N/A
2/17/2025 11:09,0.054,Valid,,,N/A,N/A
2/17/2025 11:09,0.052,Valid,,,N/A,N/A
2/17/2025 11:09,0.054,Valid,,,N/A,N/A
2/17/2025 11:09,0.059,Valid,,,N/A,N/A
2/17/2025 11:09,0.049,Valid,,,N/A,N/A
2/17/2025 11:09,0.056,Valid,,,N/A,N/A
2/17/2025 11:09,0.058,Valid,,,N/A,N/A
2/17/2025 11:09,0.052,Valid,,,N/A,N/A
2/17/2025 11:09,0.057,Valid,,,N/A,N/A
2/17/2025 11:09,0.051,Valid,,,N/A,N/A
2/17/2025 11:09,0.06,Valid,,,N/A,N/A
2/17/2025 11:09,0.053,Valid,,,N/A,N/A
2/17/2025 11:10,0.061,Valid,,,N/A,N/A
2/17/2025 11:10,0.053,Valid,,,N/A,N/A
2/17/2025 11:10,0.054,Valid,,,N/A,N/A
2/17/2025 11:10,0.058,Valid,,,N/A,N/A
2/17/2025 11:10,0.052,Valid,,,N/A,N/A
2/17/2025 11:10,0.052,Valid,,,N/A,N/A
2/17/2025 11:10,0.064,Valid,,,N/A,N/A
2/17/2025 11:10,0.055,Valid,,,N/A,N/A
2/17/2025 11:10,0.051,Valid,,,N/A,N/A
2/17/2025 11:10,0.058,Valid,,,N/A,N/A
2/17/2025 11:10,0.051,Valid,,,N/A,N/A
2/17/2025 11:10,0.058,Valid,,,N/A,N/A
2/17/2025 11:10,0.065,Valid,,,N/A,N/A
2/17/2025 11:10,0.054,Valid,,,N/A,N/A
2/17/2025 11:10,0.05,Valid,,,N/A,N/A
2/17/2025 11:10,0.06,Valid,,,N/A,N/A
2/17/2025 11:10,0.062,Valid,,,N/A,N/A
2/17/2025 11:10,0.05,Valid,,,N/A,N/A
2/17/2025 11:11,0.061,Valid,,,N/A,N/A
2/17/2025 11:11,0.058,Valid,,,N/A,N/A
2/17/2025 11:11,0.051,Valid,,,N/A,N/A
2/17/2025 11:11,0.053,Valid,,,N/A,N/A
2/17/2025 11:11,0.058,Valid,,,N/A,N/A
2/17/2025 11:11,0.047,Valid,,,N/A,N/A
2/17/2025 11:11,0.054,Valid,,,N/A,N/A
2/17/2025 11:11,0.056,Valid,,,N/A,N/A
2/17/2025 11:11,0.048,Valid,,,N/A,N/A
2/17/2025 11:11,0.05,Valid,,,N/A,N/A
2/17/2025 11:11,0.057,Valid,,,N/A,N/A
2/17/2025 11:11,0.048,Valid,,,N/A,N/A
2/17/2025 11:11,0.056,Valid,,,N/A,N/A
2/17/2025 11:11,0.049,Valid,,,N/A,N/A
2/17/2025 11:11,0.054,Valid,,,N/A,N/A
2/17/2025 11:11,0.048,Valid,,,N/A,N/A
2/17/2025 11:11,0.055,Valid,,,N/A,N/A
2/17/2025 11:11,0.049,Valid,,,N/A,N/A
2/17/2025 11:12,0.055,Valid,,,N/A,N/A
2/17/2025 11:12,0.055,Valid,,,N/A,N/A
2/17/2025 11:12,0.048,Valid,,,N/A,N/A
2/17/2025 11:12,0.053,Valid,,,N/A,N/A
2/17/2025 11:12,0.053,Valid,,,N/A,N/A
2/17/2025 11:12,0.049,Valid,,,N/A,N/A
2/17/2025 11:12,0.053,Valid,,,N/A,N/A
2/17/2025 11:12,0.049,Valid,,,N/A,N/A
2/17/2025 11:12,0.055,Valid,,,N/A,N/A
2/17/2025 11:12,0.051,Valid,,,N/A,N/A
2/17/2025 11:12,0.057,Valid,,,N/A,N/A
2/17/2025 11:12,0.053,Valid,,,N/A,N/A
2/17/2025 11:12,0.057,Valid,,,N/A,N/A
2/17/2025 11:12,0.052,Valid,,,N/A,N/A
2/17/2025 11:12,0.062,Valid,,,N/A,N/A
2/17/2025 11:12,0.053,Valid,,,N/A,N/A
2/17/2025 11:12,0.061,Valid,,,N/A,N/A
2/17/2025 11:12,0.053,Valid,,,N/A,N/A
2/17/2025 11:13,0.063,Valid,,,N/A,N/A
2/17/2025 11:13,0.054,Valid,,,N/A,N/A
2/17/2025 11:13,0.062,Valid,,,N/A,N/A
2/17/2025 11:13,0.063,Valid,,,N/A,N/A
2/17/2025 11:13,0.056,Valid,,,N/A,N/A
2/17/2025 11:13,0.061,Valid,,,N/A,N/A
2/17/2025 11:13,0.056,Valid,,,N/A,N/A
2/17/2025 11:13,0.062,Valid,,,N/A,N/A
2/17/2025 11:13,0.054,Valid,,,N/A,N/A
2/17/2025 11:13,0.062,Valid,,,N/A,N/A
2/17/2025 11:13,0.055,Valid,,,N/A,N/A
2/17/2025 11:13,0.061,Valid,,,N/A,N/A
2/17/2025 11:13,0.063,Valid,,,N/A,N/A
2/17/2025 11:13,0.057,Valid,,,N/A,N/A
2/17/2025 11:13,0.061,Valid,,,N/A,N/A
2/17/2025 11:13,0.065,Valid,,,N/A,N/A
2/17/2025 11:13,0.061,Valid,,,N/A,N/A
2/17/2025 11:13,0.07,Valid,,,N/A,N/A
2/17/2025 11:14,0.071,Valid,,,N/A,N/A
2/17/2025 11:14,0.062,Valid,,,N/A,N/A
2/17/2025 11:14,0.065,Valid,,,N/A,N/A
2/17/2025 11:14,0.069,Valid,,,N/A,N/A
2/17/2025 11:14,0.066,Valid,,,N/A,N/A
2/17/2025 11:14,0.058,Valid,,,N/A,N/A
2/17/2025 11:14,0.058,Valid,,,N/A,N/A
2/17/2025 11:14,0.063,Valid,,,N/A,N/A
2/17/2025 11:14,0.06,Valid,,,N/A,N/A
2/17/2025 11:14,0.058,Valid,,,N/A,N/A
2/17/2025 11:14,0.066,Valid,,,N/A,N/A
2/17/2025 11:14,0.068,Valid,,,N/A,N/A
2/17/2025 11:14,0.064,Valid,,,N/A,N/A
2/17/2025 11:14,0.059,Valid,,,N/A,N/A
2/17/2025 11:14,0.061,Valid,,,N/A,N/A
2/17/2025 11:14,0.054,Valid,,,N/A,N/A
2/17/2025 11:14,0.058,Valid,,,N/A,N/A
2/17/2025 11:15,0.056,Valid,,,N/A,N/A
2/17/2025 11:15,0.06,Valid,,,N/A,N/A
2/17/2025 11:15,0.069,Valid,,,N/A,N/A
2/17/2025 11:15,0.055,Valid,,,N/A,N/A
2/17/2025 11:15,0.07,Valid,,,N/A,N/A
2/17/2025 11:15,0.058,Valid,,,N/A,N/A
2/17/2025 11:15,0.066,Valid,,,N/A,N/A
2/17/2025 11:15,0.066,Valid,,,N/A,N/A
2/17/2025 11:15,0.058,Valid,,,N/A,N/A
2/17/2025 11:15,0.059,Valid,,,N/A,N/A
2/17/2025 11:15,0.064,Valid,,,N/A,N/A
2/17/2025 11:15,0.059,Valid,,,N/A,N/A
2/17/2025 11:15,0.06,Valid,,,N/A,N/A
2/17/2025 11:15,0.067,Valid,,,N/A,N/A
2/17/2025 11:15,0.057,Valid,,,N/A,N/A
2/17/2025 11:15,0.061,Valid,,,N/A,N/A
2/17/2025 11:16,0.053,Valid,,,N/A,N/A
2/17/2025 11:16,0.056,Valid,,,N/A,N/A
2/17/2025 11:16,0.058,Valid,,,N/A,N/A
2/17/2025 11:16,0.056,Valid,,,N/A,N/A
2/17/2025 11:16,0.061,Valid,,,N/A,N/A
2/17/2025 11:16,0.059,Valid,,,N/A,N/A
2/17/2025 11:16,0.063,Valid,,,N/A,N/A
2/17/2025 11:16,0.069,Valid,,,N/A,N/A
2/17/2025 11:16,0.06,Valid,,,N/A,N/A
2/17/2025 11:16,0.059,Valid,,,N/A,N/A
2/17/2025 11:16,0.058,Valid,,,N/A,N/A
2/17/2025 11:16,0.066,Valid,,,N/A,N/A
2/17/2025 11:16,0.057,Valid,,,N/A,N/A
2/17/2025 11:16,0.067,Valid,,,N/A,N/A
2/17/2025 11:16,0.057,Valid,,,N/A,N/A
2/17/2025 11:16,0.054,Valid,,,N/A,N/A
2/17/2025 11:16,0.062,Valid,,,N/A,N/A
2/17/2025 11:16,0.064,Valid,,,N/A,N/A
2/17/2025 11:17,0.055,Valid,,,N/A,N/A
2/17/2025 11:17,0.07,Valid,,,N/A,N/A
2/17/2025 11:17,0.056,Valid,,,N/A,N/A
2/17/2025 11:17,0.066,Valid,,,N/A,N/A
2/17/2025 11:17,0.054,Valid,,,N/A,N/A
2/17/2025 11:17,0.051,Valid,,,N/A,N/A
2/17/2025 11:17,0.053,Valid,,,N/A,N/A
2/17/2025 11:17,0.057,Valid,,,N/A,N/A
2/17/2025 11:17,0.058,Valid,,,N/A,N/A
2/17/2025 11:17,0.053,Valid,,,N/A,N/A
2/17/2025 11:17,0.054,Valid,,,N/A,N/A
2/17/2025 11:17,0.058,Valid,,,N/A,N/A
2/17/2025 11:17,0.065,Valid,,,N/A,N/A
2/17/2025 11:17,0.054,Valid,,,N/A,N/A
2/17/2025 11:17,0.048,Valid,,,N/A,N/A
2/17/2025 11:17,0.054,Valid,,,N/A,N/A
2/17/2025 11:17,0.05,Valid,,,N/A,N/A
2/17/2025 11:17,0.06,Valid,,,N/A,N/A
2/17/2025 11:18,0.051,Valid,,,N/A,N/A
2/17/2025 11:18,0.06,Valid,,,N/A,N/A
2/17/2025 11:18,0.048,Valid,,,N/A,N/A
2/17/2025 11:18,0.062,Valid,,,N/A,N/A
2/17/2025 11:18,0.053,Valid,,,N/A,N/A
2/17/2025 11:18,0.062,Valid,,,N/A,N/A
2/17/2025 11:18,0.055,Valid,,,N/A,N/A
2/17/2025 11:18,0.066,Valid,,,N/A,N/A
2/17/2025 11:18,0.07,Valid,,,N/A,N/A
2/17/2025 11:18,0.059,Valid,,,N/A,N/A
2/17/2025 11:18,0.064,Valid,,,N/A,N/A
2/17/2025 11:18,0.052,Valid,,,N/A,N/A
2/17/2025 11:18,0.054,Valid,,,N/A,N/A
2/17/2025 11:18,0.068,Valid,,,N/A,N/A
2/17/2025 11:18,0.05,Valid,,,N/A,N/A
2/17/2025 11:18,0.067,Valid,,,N/A,N/A
2/17/2025 11:18,0.053,Valid,,,N/A,N/A
2/17/2025 11:18,0.06,Valid,,,N/A,N/A
2/17/2025 11:19,0.048,Valid,,,N/A,N/A
2/17/2025 11:19,0.063,Valid,,,N/A,N/A
2/17/2025 11:19,0.052,Valid,,,N/A,N/A
2/17/2025 11:19,0.061,Valid,,,N/A,N/A
2/17/2025 11:19,0.051,Valid,,,N/A,N/A
2/17/2025 11:19,0.064,Valid,,,N/A,N/A
2/17/2025 11:19,0.048,Valid,,,N/A,N/A
2/17/2025 11:19,0.058,Valid,,,N/A,N/A
2/17/2025 11:19,0.049,Valid,,,N/A,N/A
2/17/2025 11:19,0.06,Valid,,,N/A,N/A
2/17/2025 11:19,0.048,Valid,,,N/A,N/A
2/17/2025 11:19,0.059,Valid,,,N/A,N/A
2/17/2025 11:19,0.048,Valid,,,N/A,N/A
2/17/2025 11:19,0.06,Valid,,,N/A,N/A
2/17/2025 11:19,0.05,Valid,,,N/A,N/A
2/17/2025 11:19,0.063,Valid,,,N/A,N/A
2/17/2025 11:19,0.052,Valid,,,N/A,N/A
2/17/2025 11:20,0.066,Valid,,,N/A,N/A
2/17/2025 11:20,0.054,Valid,,,N/A,N/A
2/17/2025 11:20,0.063,Valid,,,N/A,N/A
2/17/2025 11:20,0.052,Valid,,,N/A,N/A
2/17/2025 11:20,0.052,Valid,,,N/A,N/A
2/17/2025 11:20,0.057,Valid,,,N/A,N/A
2/17/2025 11:20,0.051,Valid,,,N/A,N/A
2/17/2025 11:20,0.051,Valid,,,N/A,N/A
2/17/2025 11:20,0.054,Valid,,,N/A,N/A
2/17/2025 11:20,0.053,Valid,,,N/A,N/A
2/17/2025 11:20,0.057,Valid,,,N/A,N/A
2/17/2025 11:20,0.058,Valid,,,N/A,N/A
2/17/2025 11:20,0.07,Valid,,,N/A,N/A
2/17/2025 11:20,0.069,Valid,,,N/A,N/A
2/17/2025 11:20,0.059,Valid,,,N/A,N/A
2/17/2025 11:20,0.063,Valid,,,N/A,N/A
2/17/2025 11:20,0.055,Valid,,,N/A,N/A
2/17/2025 11:20,0.058,Valid,,,N/A,N/A
2/17/2025 11:21,0.047,Valid,,,N/A,N/A
2/17/2025 11:21,0.045,Valid,,,N/A,N/A
2/17/2025 11:21,0.055,Valid,,,N/A,N/A
2/17/2025 11:21,0.054,Valid,,,N/A,N/A
2/17/2025 11:21,0.048,Valid,,,N/A,N/A
2/17/2025 11:21,0.045,Valid,,,N/A,N/A
2/17/2025 11:21,0.045,Valid,,,N/A,N/A
2/17/2025 11:21,0.048,Valid,,,N/A,N/A
2/17/2025 11:21,0.048,Valid,,,N/A,N/A
2/17/2025 11:21,0.046,Valid,,,N/A,N/A
2/17/2025 11:21,0.045,Valid,,,N/A,N/A
2/17/2025 11:21,0.054,Valid,,,N/A,N/A
2/17/2025 11:21,0.045,Valid,,,N/A,N/A
2/17/2025 11:21,0.054,Valid,,,N/A,N/A
2/17/2025 11:21,0.047,Valid,,,N/A,N/A
2/17/2025 11:21,0.055,Valid,,,N/A,N/A
2/17/2025 11:21,0.047,Valid,,,N/A,N/A
2/17/2025 11:22,0.056,Valid,,,N/A,N/A
2/17/2025 11:22,0.054,Valid,,,N/A,N/A
2/17/2025 11:22,0.047,Valid,,,N/A,N/A
2/17/2025 11:22,0.055,Valid,,,N/A,N/A
2/17/2025 11:22,0.049,Valid,,,N/A,N/A
2/17/2025 11:22,0.057,Valid,,,N/A,N/A
2/17/2025 11:22,0.049,Valid,,,N/A,N/A
2/17/2025 11:22,0.055,Valid,,,N/A,N/A
2/17/2025 11:22,0.056,Valid,,,N/A,N/A
2/17/2025 11:22,0.058,Valid,,,N/A,N/A
2/17/2025 11:22,0.052,Valid,,,N/A,N/A
2/17/2025 11:22,0.051,Valid,,,N/A,N/A
2/17/2025 11:22,0.056,Valid,,,N/A,N/A
2/17/2025 11:22,0.053,Valid,,,N/A,N/A
2/17/2025 11:22,0.046,Valid,,,N/A,N/A
2/17/2025 11:22,0.05,Valid,,,N/A,N/A
2/17/2025 11:23,0.049,Valid,,,N/A,N/A
2/17/2025 11:23,0.05,Valid,,,N/A,N/A
2/17/2025 11:23,0.055,Valid,,,N/A,N/A
2/17/2025 11:23,0.057,Valid,,,N/A,N/A
2/17/2025 11:23,0.054,Valid,,,N/A,N/A
2/17/2025 11:23,0.053,Valid,,,N/A,N/A
2/17/2025 11:23,0.051,Valid,,,N/A,N/A
2/17/2025 11:23,0.051,Valid,,,N/A,N/A
2/17/2025 11:23,0.057,Valid,,,N/A,N/A
2/17/2025 11:23,0.057,Valid,,,N/A,N/A
2/17/2025 11:23,0.052,Valid,,,N/A,N/A
2/17/2025 11:23,0.051,Valid,,,N/A,N/A
2/17/2025 11:23,0.059,Valid,,,N/A,N/A
2/17/2025 11:23,0.052,Valid,,,N/A,N/A
2/17/2025 11:23,0.061,Valid,,,N/A,N/A
2/17/2025 11:23,0.051,Valid,,,N/A,N/A
2/17/2025 11:23,0.065,Valid,,,N/A,N/A
2/17/2025 11:23,0.055,Valid,,,N/A,N/A
2/17/2025 11:23,0.067,Valid,,,N/A,N/A
2/17/2025 11:23,0.064,Valid,,,N/A,N/A
2/17/2025 11:24,0.053,Valid,,,N/A,N/A
2/17/2025 11:24,0.059,Valid,,,N/A,N/A
2/17/2025 11:24,0.052,Valid,,,N/A,N/A
2/17/2025 11:24,0.065,Valid,,,N/A,N/A
2/17/2025 11:24,0.051,Valid,,,N/A,N/A
2/17/2025 11:24,0.057,Valid,,,N/A,N/A
2/17/2025 11:24,0.057,Valid,,,N/A,N/A
2/17/2025 11:24,0.049,Valid,,,N/A,N/A
2/17/2025 11:24,0.051,Valid,,,N/A,N/A
2/17/2025 11:24,0.06,Valid,,,N/A,N/A
2/17/2025 11:24,0.051,Valid,,,N/A,N/A
2/17/2025 11:24,0.062,Valid,,,N/A,N/A
2/17/2025 11:24,0.062,Valid,,,N/A,N/A
2/17/2025 11:24,0.051,Valid,,,N/A,N/A
2/17/2025 11:24,0.062,Valid,,,N/A,N/A
2/17/2025 11:24,0.052,Valid,,,N/A,N/A
2/17/2025 11:24,0.051,Valid,,,N/A,N/A
2/17/2025 11:24,0.063,Valid,,,N/A,N/A
2/17/2025 11:25,0.051,Valid,,,N/A,N/A
2/17/2025 11:25,0.057,Valid,,,N/A,N/A
2/17/2025 11:25,0.047,Valid,,,N/A,N/A
2/17/2025 11:25,0.048,Valid,,,N/A,N/A
2/17/2025 11:25,0.057,Valid,,,N/A,N/A
2/17/2025 11:25,0.057,Valid,,,N/A,N/A
2/17/2025 11:25,0.05,Valid,,,N/A,N/A
2/17/2025 11:25,0.055,Valid,,,N/A,N/A
2/17/2025 11:25,0.048,Valid,,,N/A,N/A
2/17/2025 11:25,0.056,Valid,,,N/A,N/A
2/17/2025 11:25,0.048,Valid,,,N/A,N/A
2/17/2025 11:25,0.055,Valid,,,N/A,N/A
2/17/2025 11:25,0.047,Valid,,,N/A,N/A
2/17/2025 11:25,0.048,Valid,,,N/A,N/A
2/17/2025 11:25,0.055,Valid,,,N/A,N/A
2/17/2025 11:25,0.047,Valid,,,N/A,N/A
2/17/2025 11:25,0.053,Valid,,,N/A,N/A
2/17/2025 11:25,0.052,Valid,,,N/A,N/A
2/17/2025 11:26,0.049,Valid,,,N/A,N/A
2/17/2025 11:26,0.057,Valid,,,N/A,N/A
2/17/2025 11:26,0.051,Valid,,,N/A,N/A
2/17/2025 11:26,0.058,Valid,,,N/A,N/A
2/17/2025 11:26,0.052,Valid,,,N/A,N/A
2/17/2025 11:26,0.06,Valid,,,N/A,N/A
2/17/2025 11:26,0.052,Valid,,,N/A,N/A
2/17/2025 11:26,0.061,Valid,,,N/A,N/A
2/17/2025 11:26,0.052,Valid,,,N/A,N/A
2/17/2025 11:26,0.059,Valid,,,N/A,N/A
2/17/2025 11:26,0.06,Valid,,,N/A,N/A
2/17/2025 11:26,0.061,Valid,,,N/A,N/A
2/17/2025 11:26,0.053,Valid,,,N/A,N/A
2/17/2025 11:26,0.061,Valid,,,N/A,N/A
2/17/2025 11:26,0.055,Valid,,,N/A,N/A
2/17/2025 11:26,0.062,Valid,,,N/A,N/A
2/17/2025 11:26,0.053,Valid,,,N/A,N/A
2/17/2025 11:27,0.06,Valid,,,N/A,N/A
2/17/2025 11:27,0.06,Valid,,,N/A,N/A
2/17/2025 11:27,0.054,Valid,,,N/A,N/A
2/17/2025 11:27,0.067,Valid,,,N/A,N/A
2/17/2025 11:27,0.058,Valid,,,N/A,N/A
2/17/2025 11:27,0.068,Valid,,,N/A,N/A
2/17/2025 11:27,0.066,Valid,,,N/A,N/A
2/17/2025 11:27,0.059,Valid,,,N/A,N/A
2/17/2025 11:27,0.066,Valid,,,N/A,N/A
2/17/2025 11:27,0.06,Valid,,,N/A,N/A
2/17/2025 11:27,0.058,Valid,,,N/A,N/A
2/17/2025 11:27,0.056,Valid,,,N/A,N/A
2/17/2025 11:27,0.054,Valid,,,N/A,N/A
2/17/2025 11:27,0.059,Valid,,,N/A,N/A
2/17/2025 11:27,0.062,Valid,,,N/A,N/A
2/17/2025 11:27,0.059,Valid,,,N/A,N/A
2/17/2025 11:27,0.062,Valid,,,N/A,N/A
2/17/2025 11:27,0.059,Valid,,,N/A,N/A
2/17/2025 11:27,0.052,Valid,,,N/A,N/A
2/17/2025 11:28,0.056,Valid,,,N/A,N/A
2/17/2025 11:28,0.053,Valid,,,N/A,N/A
2/17/2025 11:28,0.064,Valid,,,N/A,N/A
2/17/2025 11:28,0.054,Valid,,,N/A,N/A
2/17/2025 11:28,0.054,Valid,,,N/A,N/A
2/17/2025 11:28,0.064,Valid,,,N/A,N/A
2/17/2025 11:28,0.059,Valid,,,N/A,N/A
2/17/2025 11:28,0.067,Valid,,,N/A,N/A
2/17/2025 11:28,0.058,Valid,,,N/A,N/A
2/17/2025 11:28,0.065,Valid,,,N/A,N/A
2/17/2025 11:28,0.063,Valid,,,N/A,N/A
2/17/2025 11:28,0.054,Valid,,,N/A,N/A
2/17/2025 11:28,0.059,Valid,,,N/A,N/A
2/17/2025 11:28,0.053,Valid,,,N/A,N/A
2/17/2025 11:28,0.051,Valid,,,N/A,N/A
2/17/2025 11:28,0.058,Valid,,,N/A,N/A
2/17/2025 11:28,0.057,Valid,,,N/A,N/A
2/17/2025 11:28,0.063,Valid,,,N/A,N/A
2/17/2025 11:29,0.066,Valid,,,N/A,N/A
2/17/2025 11:29,0.053,Valid,,,N/A,N/A
2/17/2025 11:29,0.054,Valid,,,N/A,N/A
2/17/2025 11:29,0.062,Valid,,,N/A,N/A
2/17/2025 11:29,0.054,Valid,,,N/A,N/A
2/17/2025 11:29,0.056,Valid,,,N/A,N/A
2/17/2025 11:29,0.065,Valid,,,N/A,N/A
2/17/2025 11:29,0.056,Valid,,,N/A,N/A
2/17/2025 11:29,0.059,Valid,,,N/A,N/A
2/17/2025 11:29,0.065,Valid,,,N/A,N/A
2/17/2025 11:29,0.065,Valid,,,N/A,N/A
2/17/2025 11:29,0.058,Valid,,,N/A,N/A
2/17/2025 11:29,0.066,Valid,,,N/A,N/A
2/17/2025 11:29,0.056,Valid,,,N/A,N/A
2/17/2025 11:29,0.064,Valid,,,N/A,N/A
2/17/2025 11:29,0.057,Valid,,,N/A,N/A
2/17/2025 11:29,0.057,Valid,,,N/A,N/A
2/17/2025 11:30,0.067,Valid,,,N/A,N/A
2/17/2025 11:30,0.05,Valid,,,N/A,N/A
2/17/2025 11:30,0.051,Valid,,,N/A,N/A
2/17/2025 11:30,0.059,Valid,,,N/A,N/A
2/17/2025 11:30,0.06,Valid,,,N/A,N/A
2/17/2025 11:30,0.065,Valid,,,N/A,N/A
2/17/2025 11:30,0.067,Valid,,,N/A,N/A
2/17/2025 11:30,0.063,Valid,,,N/A,N/A
2/17/2025 11:30,0.065,Valid,,,N/A,N/A
2/17/2025 11:30,0.063,Valid,,,N/A,N/A
2/17/2025 11:30,0.062,Valid,,,N/A,N/A
2/17/2025 11:30,0.057,Valid,,,N/A,N/A
2/17/2025 11:30,0.056,Valid,,,N/A,N/A
2/17/2025 11:30,0.054,Valid,,,N/A,N/A
2/17/2025 11:30,0.056,Valid,,,N/A,N/A
2/17/2025 11:30,0.052,Valid,,,N/A,N/A
2/17/2025 11:30,0.05,Valid,,,N/A,N/A
2/17/2025 11:31,0.057,Valid,,,N/A,N/A
2/17/2025 11:31,0.053,Valid,,,N/A,N/A
2/17/2025 11:31,0.059,Valid,,,N/A,N/A
2/17/2025 11:31,0.053,Valid,,,N/A,N/A
2/17/2025 11:31,0.061,Valid,,,N/A,N/A
2/17/2025 11:31,0.061,Valid,,,N/A,N/A
2/17/2025 11:31,0.053,Valid,,,N/A,N/A
2/17/2025 11:31,0.063,Valid,,,N/A,N/A
2/17/2025 11:31,0.052,Valid,,,N/A,N/A
2/17/2025 11:31,0.059,Valid,,,N/A,N/A
2/17/2025 11:31,0.059,Valid,,,N/A,N/A
2/17/2025 11:31,0.053,Valid,,,N/A,N/A
2/17/2025 11:31,0.054,Valid,,,N/A,N/A
2/17/2025 11:31,0.069,Valid,,,N/A,N/A
2/17/2025 11:31,0.056,Valid,,,N/A,N/A
2/17/2025 11:31,0.07,Valid,,,N/A,N/A
2/17/2025 11:31,0.06,Valid,,,N/A,N/A
2/17/2025 11:31,0.067,Valid,,,N/A,N/A
2/17/2025 11:32,0.053,Valid,,,N/A,N/A
2/17/2025 11:32,0.052,Valid,,,N/A,N/A
2/17/2025 11:32,0.064,Valid,,,N/A,N/A
2/17/2025 11:32,0.055,Valid,,,N/A,N/A
2/17/2025 11:32,0.062,Valid,,,N/A,N/A
2/17/2025 11:32,0.052,Valid,,,N/A,N/A
2/17/2025 11:32,0.067,Valid,,,N/A,N/A
2/17/2025 11:32,0.065,Valid,,,N/A,N/A
2/17/2025 11:32,0.052,Valid,,,N/A,N/A
2/17/2025 11:32,0.061,Valid,,,N/A,N/A
2/17/2025 11:32,0.049,Valid,,,N/A,N/A
2/17/2025 11:32,0.062,Valid,,,N/A,N/A
2/17/2025 11:32,0.052,Valid,,,N/A,N/A
2/17/2025 11:32,0.064,Valid,,,N/A,N/A
2/17/2025 11:32,0.05,Valid,,,N/A,N/A
2/17/2025 11:32,0.059,Valid,,,N/A,N/A
2/17/2025 11:32,0.05,Valid,,,N/A,N/A
2/17/2025 11:32,0.063,Valid,,,N/A,N/A
2/17/2025 11:33,0.052,Valid,,,N/A,N/A
2/17/2025 11:33,0.062,Valid,,,N/A,N/A
2/17/2025 11:33,0.06,Valid,,,N/A,N/A
2/17/2025 11:33,0.051,Valid,,,N/A,N/A
2/17/2025 11:33,0.062,Valid,,,N/A,N/A
2/17/2025 11:33,0.051,Valid,,,N/A,N/A
2/17/2025 11:33,0.062,Valid,,,N/A,N/A
2/17/2025 11:33,0.048,Valid,,,N/A,N/A
2/17/2025 11:33,0.049,Valid,,,N/A,N/A
2/17/2025 11:33,0.058,Valid,,,N/A,N/A
2/17/2025 11:33,0.047,Valid,,,N/A,N/A
2/17/2025 11:33,0.059,Valid,,,N/A,N/A
2/17/2025 11:33,0.051,Valid,,,N/A,N/A
2/17/2025 11:33,0.063,Valid,,,N/A,N/A
2/17/2025 11:33,0.052,Valid,,,N/A,N/A
2/17/2025 11:33,0.065,Valid,,,N/A,N/A
2/17/2025 11:33,0.051,Valid,,,N/A,N/A
2/17/2025 11:33,0.055,Valid,,,N/A,N/A
2/17/2025 11:33,0.068,Valid,,,N/A,N/A
2/17/2025 11:33,0.06,Valid,,,N/A,N/A
2/17/2025 11:34,0.056,Valid,,,N/A,N/A
2/17/2025 11:34,0.064,Valid,,,N/A,N/A
2/17/2025 11:34,0.052,Valid,,,N/A,N/A
2/17/2025 11:34,0.05,Valid,,,N/A,N/A
2/17/2025 11:34,0.054,Valid,,,N/A,N/A
2/17/2025 11:34,0.056,Valid,,,N/A,N/A
2/17/2025 11:34,0.051,Valid,,,N/A,N/A
2/17/2025 11:34,0.051,Valid,,,N/A,N/A
2/17/2025 11:34,0.056,Valid,,,N/A,N/A
2/17/2025 11:34,0.056,Valid,,,N/A,N/A
2/17/2025 11:34,0.053,Valid,,,N/A,N/A
2/17/2025 11:34,0.054,Valid,,,N/A,N/A
2/17/2025 11:34,0.056,Valid,,,N/A,N/A
2/17/2025 11:34,0.06,Valid,,,N/A,N/A
2/17/2025 11:34,0.071,Valid,,,N/A,N/A
2/17/2025 11:34,0.061,Valid,,,N/A,N/A
2/17/2025 11:34,0.068,Valid,,,N/A,N/A
2/17/2025 11:34,0.06,Valid,,,N/A,N/A
2/17/2025 11:35,0.062,Valid,,,N/A,N/A
2/17/2025 11:35,0.057,Valid,,,N/A,N/A
2/17/2025 11:35,0.061,Valid,,,N/A,N/A
2/17/2025 11:35,0.047,Valid,,,N/A,N/A
2/17/2025 11:35,0.059,Valid,,,N/A,N/A
2/17/2025 11:35,0.061,Valid,,,N/A,N/A
2/17/2025 11:35,0.048,Valid,,,N/A,N/A
2/17/2025 11:35,0.051,Valid,,,N/A,N/A
2/17/2025 11:35,0.046,Valid,,,N/A,N/A
2/17/2025 11:35,0.05,Valid,,,N/A,N/A
2/17/2025 11:35,0.047,Valid,,,N/A,N/A
2/17/2025 11:35,0.044,Valid,,,N/A,N/A
2/17/2025 11:35,0.047,Valid,,,N/A,N/A
2/17/2025 11:35,0.044,Valid,,,N/A,N/A
2/17/2025 11:35,0.047,Valid,,,N/A,N/A
2/17/2025 11:35,0.058,Valid,,,N/A,N/A
2/17/2025 11:35,0.055,Valid,,,N/A,N/A
2/17/2025 11:35,0.047,Valid,,,N/A,N/A
2/17/2025 11:36,0.054,Valid,,,N/A,N/A
2/17/2025 11:36,0.046,Valid,,,N/A,N/A
2/17/2025 11:36,0.055,Valid,,,N/A,N/A
2/17/2025 11:36,0.048,Valid,,,N/A,N/A
2/17/2025 11:36,0.057,Valid,,,N/A,N/A
2/17/2025 11:36,0.046,Valid,,,N/A,N/A
2/17/2025 11:36,0.056,Valid,,,N/A,N/A
2/17/2025 11:36,0.047,Valid,,,N/A,N/A
2/17/2025 11:36,0.056,Valid,,,N/A,N/A
2/17/2025 11:36,0.052,Valid,,,N/A,N/A
2/17/2025 11:36,0.048,Valid,,,N/A,N/A
2/17/2025 11:36,0.05,Valid,,,N/A,N/A
2/17/2025 11:36,0.062,Valid,,,N/A,N/A
2/17/2025 11:36,0.054,Valid,,,N/A,N/A
2/17/2025 11:36,0.061,Valid,,,N/A,N/A
2/17/2025 11:36,0.052,Valid,,,N/A,N/A
2/17/2025 11:36,0.059,Valid,,,N/A,N/A
2/17/2025 11:36,0.051,Valid,,,N/A,N/A
2/17/2025 11:37,0.054,Valid,,,N/A,N/A
2/17/2025 11:37,0.068,Valid,,,N/A,N/A
2/17/2025 11:37,0.059,Valid,,,N/A,N/A
2/17/2025 11:37,0.053,Valid,,,N/A,N/A
2/17/2025 11:37,0.053,Valid,,,N/A,N/A
2/17/2025 11:37,0.057,Valid,,,N/A,N/A
2/17/2025 11:37,0.055,Valid,,,N/A,N/A
2/17/2025 11:37,0.053,Valid,,,N/A,N/A
2/17/2025 11:37,0.053,Valid,,,N/A,N/A
2/17/2025 11:37,0.049,Valid,,,N/A,N/A
2/17/2025 11:37,0.05,Valid,,,N/A,N/A
2/17/2025 11:37,0.055,Valid,,,N/A,N/A
2/17/2025 11:37,0.057,Valid,,,N/A,N/A
2/17/2025 11:37,0.054,Valid,,,N/A,N/A
2/17/2025 11:37,0.05,Valid,,,N/A,N/A
2/17/2025 11:37,0.054,Valid,,,N/A,N/A
2/17/2025 11:37,0.051,Valid,,,N/A,N/A
2/17/2025 11:37,0.054,Valid,,,N/A,N/A
2/17/2025 11:38,0.056,Valid,,,N/A,N/A
2/17/2025 11:38,0.051,Valid,,,N/A,N/A
2/17/2025 11:38,0.049,Valid,,,N/A,N/A
2/17/2025 11:38,0.051,Valid,,,N/A,N/A
2/17/2025 11:38,0.057,Valid,,,N/A,N/A
2/17/2025 11:38,0.052,Valid,,,N/A,N/A
2/17/2025 11:38,0.057,Valid,,,N/A,N/A
2/17/2025 11:38,0.059,Valid,,,N/A,N/A
2/17/2025 11:38,0.051,Valid,,,N/A,N/A
2/17/2025 11:38,0.061,Valid,,,N/A,N/A
2/17/2025 11:38,0.052,Valid,,,N/A,N/A
2/17/2025 11:38,0.051,Valid,,,N/A,N/A
2/17/2025 11:38,0.058,Valid,,,N/A,N/A
2/17/2025 11:38,0.051,Valid,,,N/A,N/A
2/17/2025 11:38,0.058,Valid,,,N/A,N/A
2/17/2025 11:38,0.051,Valid,,,N/A,N/A
2/17/2025 11:38,0.062,Valid,,,N/A,N/A
2/17/2025 11:38,0.061,Valid,,,N/A,N/A
2/17/2025 11:39,0.05,Valid,,,N/A,N/A
2/17/2025 11:39,0.051,Valid,,,N/A,N/A
2/17/2025 11:39,0.06,Valid,,,N/A,N/A
2/17/2025 11:39,0.051,Valid,,,N/A,N/A
2/17/2025 11:39,0.058,Valid,,,N/A,N/A
2/17/2025 11:39,0.055,Valid,,,N/A,N/A
2/17/2025 11:39,0.05,Valid,,,N/A,N/A
2/17/2025 11:39,0.059,Valid,,,N/A,N/A
2/17/2025 11:39,0.051,Valid,,,N/A,N/A
2/17/2025 11:39,0.052,Valid,,,N/A,N/A
2/17/2025 11:39,0.06,Valid,,,N/A,N/A
2/17/2025 11:39,0.051,Valid,,,N/A,N/A
2/17/2025 11:39,0.058,Valid,,,N/A,N/A
2/17/2025 11:39,0.049,Valid,,,N/A,N/A
2/17/2025 11:39,0.059,Valid,,,N/A,N/A
2/17/2025 11:39,0.048,Valid,,,N/A,N/A
2/17/2025 11:39,0.055,Valid,,,N/A,N/A
2/17/2025 11:39,0.047,Valid,,,N/A,N/A
2/17/2025 11:40,0.056,Valid,,,N/A,N/A
2/17/2025 11:40,0.049,Valid,,,N/A,N/A
2/17/2025 11:40,0.055,Valid,,,N/A,N/A
2/17/2025 11:40,0.054,Valid,,,N/A,N/A
2/17/2025 11:40,0.045,Valid,,,N/A,N/A
2/17/2025 11:40,0.054,Valid,,,N/A,N/A
2/17/2025 11:40,0.046,Valid,,,N/A,N/A
2/17/2025 11:40,0.053,Valid,,,N/A,N/A
2/17/2025 11:40,0.046,Valid,,,N/A,N/A
2/17/2025 11:40,0.047,Valid,,,N/A,N/A
2/17/2025 11:40,0.054,Valid,,,N/A,N/A
2/17/2025 11:40,0.046,Valid,,,N/A,N/A
2/17/2025 11:40,0.053,Valid,,,N/A,N/A
2/17/2025 11:40,0.054,Valid,,,N/A,N/A
2/17/2025 11:40,0.047,Valid,,,N/A,N/A
2/17/2025 11:40,0.056,Valid,,,N/A,N/A
2/17/2025 11:40,0.056,Valid,,,N/A,N/A
2/17/2025 11:40,0.05,Valid,,,N/A,N/A
2/17/2025 11:40,0.05,Valid,,,N/A,N/A
2/17/2025 11:41,0.051,Valid,,,N/A,N/A
2/17/2025 11:41,0.059,Valid,,,N/A,N/A
2/17/2025 11:41,0.058,Valid,,,N/A,N/A
2/17/2025 11:41,0.052,Valid,,,N/A,N/A
2/17/2025 11:41,0.058,Valid,,,N/A,N/A
2/17/2025 11:41,0.058,Valid,,,N/A,N/A
2/17/2025 11:41,0.052,Valid,,,N/A,N/A
2/17/2025 11:41,0.058,Valid,,,N/A,N/A
2/17/2025 11:41,0.051,Valid,,,N/A,N/A
2/17/2025 11:41,0.06,Valid,,,N/A,N/A
2/17/2025 11:41,0.055,Valid,,,N/A,N/A
2/17/2025 11:41,0.063,Valid,,,N/A,N/A
2/17/2025 11:41,0.058,Valid,,,N/A,N/A
2/17/2025 11:41,0.064,Valid,,,N/A,N/A
2/17/2025 11:41,0.062,Valid,,,N/A,N/A
2/17/2025 11:41,0.054,Valid,,,N/A,N/A
2/17/2025 11:41,0.053,Valid,,,N/A,N/A
2/17/2025 11:42,0.059,Valid,,,N/A,N/A
2/17/2025 11:42,0.058,Valid,,,N/A,N/A
2/17/2025 11:42,0.055,Valid,,,N/A,N/A
2/17/2025 11:42,0.053,Valid,,,N/A,N/A
2/17/2025 11:42,0.056,Valid,,,N/A,N/A
2/17/2025 11:42,0.058,Valid,,,N/A,N/A
2/17/2025 11:42,0.058,Valid,,,N/A,N/A
2/17/2025 11:42,0.055,Valid,,,N/A,N/A
2/17/2025 11:42,0.053,Valid,,,N/A,N/A
2/17/2025 11:42,0.056,Valid,,,N/A,N/A
2/17/2025 11:42,0.056,Valid,,,N/A,N/A
2/17/2025 11:42,0.053,Valid,,,N/A,N/A
2/17/2025 11:42,0.051,Valid,,,N/A,N/A
2/17/2025 11:42,0.056,Valid,,,N/A,N/A
2/17/2025 11:42,0.061,Valid,,,N/A,N/A
2/17/2025 11:42,0.058,Valid,,,N/A,N/A
2/17/2025 11:42,0.063,Valid,,,N/A,N/A
2/17/2025 11:42,0.055,Valid,,,N/A,N/A
2/17/2025 11:43,0.062,Valid,,,N/A,N/A
2/17/2025 11:43,0.058,Valid,,,N/A,N/A
2/17/2025 11:43,0.052,Valid,,,N/A,N/A
2/17/2025 11:43,0.052,Valid,,,N/A,N/A
2/17/2025 11:43,0.053,Valid,,,N/A,N/A
2/17/2025 11:43,0.059,Valid,,,N/A,N/A
2/17/2025 11:43,0.055,Valid,,,N/A,N/A
2/17/2025 11:43,0.065,Valid,,,N/A,N/A
2/17/2025 11:43,0.054,Valid,,,N/A,N/A
2/17/2025 11:43,0.062,Valid,,,N/A,N/A
2/17/2025 11:43,0.053,Valid,,,N/A,N/A
2/17/2025 11:43,0.061,Valid,,,N/A,N/A
2/17/2025 11:43,0.052,Valid,,,N/A,N/A
2/17/2025 11:43,0.054,Valid,,,N/A,N/A
2/17/2025 11:43,0.062,Valid,,,N/A,N/A
2/17/2025 11:43,0.066,Valid,,,N/A,N/A
2/17/2025 11:43,0.055,Valid,,,N/A,N/A
2/17/2025 11:43,0.064,Valid,,,N/A,N/A
2/17/2025 11:44,0.054,Valid,,,N/A,N/A
2/17/2025 11:44,0.057,Valid,,,N/A,N/A
2/17/2025 11:44,0.058,Valid,,,N/A,N/A
2/17/2025 11:44,0.053,Valid,,,N/A,N/A
2/17/2025 11:44,0.049,Valid,,,N/A,N/A
2/17/2025 11:44,0.049,Valid,,,N/A,N/A
2/17/2025 11:44,0.057,Valid,,,N/A,N/A
2/17/2025 11:44,0.058,Valid,,,N/A,N/A
2/17/2025 11:44,0.059,Valid,,,N/A,N/A
2/17/2025 11:44,0.065,Valid,,,N/A,N/A
2/17/2025 11:44,0.061,Valid,,,N/A,N/A
2/17/2025 11:44,0.057,Valid,,,N/A,N/A
2/17/2025 11:44,0.057,Valid,,,N/A,N/A
2/17/2025 11:44,0.054,Valid,,,N/A,N/A
2/17/2025 11:44,0.056,Valid,,,N/A,N/A
2/17/2025 11:44,0.052,Valid,,,N/A,N/A
2/17/2025 11:44,0.05,Valid,,,N/A,N/A
2/17/2025 11:44,0.057,Valid,,,N/A,N/A
2/17/2025 11:45,0.051,Valid,,,N/A,N/A
2/17/2025 11:45,0.06,Valid,,,N/A,N/A
2/17/2025 11:45,0.054,Valid,,,N/A,N/A
2/17/2025 11:45,0.066,Valid,,,N/A,N/A
2/17/2025 11:45,0.067,Valid,,,N/A,N/A
2/17/2025 11:45,0.054,Valid,,,N/A,N/A
2/17/2025 11:45,0.061,Valid,,,N/A,N/A
2/17/2025 11:45,0.053,Valid,,,N/A,N/A
2/17/2025 11:45,0.054,Valid,,,N/A,N/A
2/17/2025 11:45,0.062,Valid,,,N/A,N/A
2/17/2025 11:45,0.053,Valid,,,N/A,N/A
2/17/2025 11:45,0.062,Valid,,,N/A,N/A
2/17/2025 11:45,0.053,Valid,,,N/A,N/A
2/17/2025 11:45,0.064,Valid,,,N/A,N/A
2/17/2025 11:45,0.068,Valid,,,N/A,N/A
2/17/2025 11:45,0.068,Valid,,,N/A,N/A
2/17/2025 11:45,0.055,Valid,,,N/A,N/A
2/17/2025 11:45,0.06,Valid,,,N/A,N/A
2/17/2025 11:45,0.053,Valid,,,N/A,N/A
2/17/2025 11:46,0.053,Valid,,,N/A,N/A
2/17/2025 11:46,0.063,Valid,,,N/A,N/A
2/17/2025 11:46,0.064,Valid,,,N/A,N/A
2/17/2025 11:46,0.052,Valid,,,N/A,N/A
2/17/2025 11:46,0.063,Valid,,,N/A,N/A
2/17/2025 11:46,0.054,Valid,,,N/A,N/A
2/17/2025 11:46,0.068,Valid,,,N/A,N/A
2/17/2025 11:46,0.067,Valid,,,N/A,N/A
2/17/2025 11:46,0.049,Valid,,,N/A,N/A
2/17/2025 11:46,0.063,Valid,,,N/A,N/A
2/17/2025 11:46,0.052,Valid,,,N/A,N/A
2/17/2025 11:46,0.068,Valid,,,N/A,N/A
2/17/2025 11:46,0.051,Valid,,,N/A,N/A
2/17/2025 11:46,0.064,Valid,,,N/A,N/A
2/17/2025 11:46,0.049,Valid,,,N/A,N/A
2/17/2025 11:46,0.049,Valid,,,N/A,N/A
2/17/2025 11:46,0.064,Valid,,,N/A,N/A
2/17/2025 11:46,0.049,Valid,,,N/A,N/A
2/17/2025 11:47,0.061,Valid,,,N/A,N/A
2/17/2025 11:47,0.049,Valid,,,N/A,N/A
2/17/2025 11:47,0.049,Valid,,,N/A,N/A
2/17/2025 11:47,0.059,Valid,,,N/A,N/A
2/17/2025 11:47,0.048,Valid,,,N/A,N/A
2/17/2025 11:47,0.052,Valid,,,N/A,N/A
2/17/2025 11:47,0.062,Valid,,,N/A,N/A
2/17/2025 11:47,0.051,Valid,,,N/A,N/A
2/17/2025 11:47,0.063,Valid,,,N/A,N/A
2/17/2025 11:47,0.048,Valid,,,N/A,N/A
2/17/2025 11:47,0.061,Valid,,,N/A,N/A
2/17/2025 11:47,0.049,Valid,,,N/A,N/A
2/17/2025 11:47,0.06,Valid,,,N/A,N/A
2/17/2025 11:47,0.05,Valid,,,N/A,N/A
2/17/2025 11:47,0.06,Valid,,,N/A,N/A
2/17/2025 11:47,0.05,Valid,,,N/A,N/A
2/17/2025 11:47,0.061,Valid,,,N/A,N/A
2/17/2025 11:47,0.051,Valid,,,N/A,N/A
2/17/2025 11:48,0.062,Valid,,,N/A,N/A
2/17/2025 11:48,0.051,Valid,,,N/A,N/A
2/17/2025 11:48,0.062,Valid,,,N/A,N/A
2/17/2025 11:48,0.052,Valid,,,N/A,N/A
2/17/2025 11:48,0.053,Valid,,,N/A,N/A
2/17/2025 11:48,0.065,Valid,,,N/A,N/A
2/17/2025 11:48,0.05,Valid,,,N/A,N/A
2/17/2025 11:48,0.07,Valid,,,N/A,N/A
2/17/2025 11:48,0.067,Valid,,,N/A,N/A
2/17/2025 11:48,0.051,Valid,,,N/A,N/A
2/17/2025 11:48,0.051,Valid,,,N/A,N/A
2/17/2025 11:48,0.071,Valid,,,N/A,N/A
2/17/2025 11:48,0.068,Valid,,,N/A,N/A
2/17/2025 11:48,0.054,Valid,,,N/A,N/A
2/17/2025 11:48,0.055,Valid,,,N/A,N/A
2/17/2025 11:48,0.067,Valid,,,N/A,N/A
2/17/2025 11:48,0.054,Valid,,,N/A,N/A
2/17/2025 11:48,0.063,Valid,,,N/A,N/A
2/17/2025 11:49,0.054,Valid,,,N/A,N/A
2/17/2025 11:49,0.052,Valid,,,N/A,N/A
2/17/2025 11:49,0.059,Valid,,,N/A,N/A
2/17/2025 11:49,0.057,Valid,,,N/A,N/A
2/17/2025 11:49,0.051,Valid,,,N/A,N/A
2/17/2025 11:49,0.051,Valid,,,N/A,N/A
2/17/2025 11:49,0.057,Valid,,,N/A,N/A
2/17/2025 11:49,0.055,Valid,,,N/A,N/A
2/17/2025 11:49,0.052,Valid,,,N/A,N/A
2/17/2025 11:49,0.051,Valid,,,N/A,N/A
2/17/2025 11:49,0.058,Valid,,,N/A,N/A
2/17/2025 11:49,0.059,Valid,,,N/A,N/A
2/17/2025 11:49,0.056,Valid,,,N/A,N/A
2/17/2025 11:49,0.057,Valid,,,N/A,N/A
2/17/2025 11:49,0.068,Valid,,,N/A,N/A
2/17/2025 11:49,0.072,Valid,,,N/A,N/A
2/17/2025 11:49,0.07,Valid,,,N/A,N/A
2/17/2025 11:49,0.059,Valid,,,N/A,N/A
2/17/2025 11:49,0.064,Valid,,,N/A,N/A
2/17/2025 11:49,0.059,Valid,,,N/A,N/A
2/17/2025 11:50,0.061,Valid,,,N/A,N/A
2/17/2025 11:50,0.052,Valid,,,N/A,N/A
2/17/2025 11:50,0.059,Valid,,,N/A,N/A
2/17/2025 11:50,0.049,Valid,,,N/A,N/A
2/17/2025 11:50,0.047,Valid,,,N/A,N/A
2/17/2025 11:50,0.056,Valid,,,N/A,N/A
2/17/2025 11:50,0.05,Valid,,,N/A,N/A
2/17/2025 11:50,0.062,Valid,,,N/A,N/A
2/17/2025 11:50,0.047,Valid,,,N/A,N/A
2/17/2025 11:50,0.045,Valid,,,N/A,N/A
2/17/2025 11:50,0.051,Valid,,,N/A,N/A
2/17/2025 11:50,0.047,Valid,,,N/A,N/A
2/17/2025 11:50,0.052,Valid,,,N/A,N/A
2/17/2025 11:50,0.05,Valid,,,N/A,N/A
2/17/2025 11:50,0.051,Valid,,,N/A,N/A
2/17/2025 11:50,0.055,Valid,,,N/A,N/A
2/17/2025 11:50,0.052,Valid,,,N/A,N/A
2/17/2025 11:51,0.048,Valid,,,N/A,N/A
2/17/2025 11:51,0.052,Valid,,,N/A,N/A
2/17/2025 11:51,0.061,Valid,,,N/A,N/A
2/17/2025 11:51,0.051,Valid,,,N/A,N/A
2/17/2025 11:51,0.049,Valid,,,N/A,N/A
2/17/2025 11:51,0.059,Valid,,,N/A,N/A
2/17/2025 11:51,0.051,Valid,,,N/A,N/A
2/17/2025 11:51,0.058,Valid,,,N/A,N/A
2/17/2025 11:51,0.051,Valid,,,N/A,N/A
2/17/2025 11:51,0.063,Valid,,,N/A,N/A
2/17/2025 11:51,0.051,Valid,,,N/A,N/A
2/17/2025 11:51,0.06,Valid,,,N/A,N/A
2/17/2025 11:51,0.05,Valid,,,N/A,N/A
2/17/2025 11:51,0.06,Valid,,,N/A,N/A
2/17/2025 11:51,0.05,Valid,,,N/A,N/A
2/17/2025 11:51,0.05,Valid,,,N/A,N/A
2/17/2025 11:51,0.059,Valid,,,N/A,N/A
2/17/2025 11:51,0.059,Valid,,,N/A,N/A
2/17/2025 11:52,0.051,Valid,,,N/A,N/A
2/17/2025 11:52,0.06,Valid,,,N/A,N/A
2/17/2025 11:52,0.061,Valid,,,N/A,N/A
2/17/2025 11:52,0.053,Valid,,,N/A,N/A
2/17/2025 11:52,0.064,Valid,,,N/A,N/A
2/17/2025 11:52,0.056,Valid,,,N/A,N/A
2/17/2025 11:52,0.067,Valid,,,N/A,N/A
2/17/2025 11:52,0.063,Valid,,,N/A,N/A
2/17/2025 11:52,0.053,Valid,,,N/A,N/A
2/17/2025 11:52,0.059,Valid,,,N/A,N/A
2/17/2025 11:52,0.052,Valid,,,N/A,N/A
2/17/2025 11:52,0.065,Valid,,,N/A,N/A
2/17/2025 11:52,0.058,Valid,,,N/A,N/A
2/17/2025 11:52,0.06,Valid,,,N/A,N/A
2/17/2025 11:52,0.063,Valid,,,N/A,N/A
2/17/2025 11:52,0.059,Valid,,,N/A,N/A
2/17/2025 11:52,0.052,Valid,,,N/A,N/A
2/17/2025 11:53,0.061,Valid,,,N/A,N/A
2/17/2025 11:53,0.067,Valid,,,N/A,N/A
2/17/2025 11:53,0.064,Valid,,,N/A,N/A
2/17/2025 11:53,0.064,Valid,,,N/A,N/A
2/17/2025 11:53,0.052,Valid,,,N/A,N/A
2/17/2025 11:53,0.055,Valid,,,N/A,N/A
2/17/2025 11:53,0.056,Valid,,,N/A,N/A
2/17/2025 11:53,0.06,Valid,,,N/A,N/A
2/17/2025 11:53,0.061,Valid,,,N/A,N/A
2/17/2025 11:53,0.052,Valid,,,N/A,N/A
2/17/2025 11:53,0.051,Valid,,,N/A,N/A
2/17/2025 11:53,0.051,Valid,,,N/A,N/A
2/17/2025 11:53,0.051,Valid,,,N/A,N/A
2/17/2025 11:53,0.053,Valid,,,N/A,N/A
2/17/2025 11:53,0.052,Valid,,,N/A,N/A
2/17/2025 11:53,0.055,Valid,,,N/A,N/A
2/17/2025 11:53,0.06,Valid,,,N/A,N/A
2/17/2025 11:53,0.06,Valid,,,N/A,N/A
2/17/2025 11:54,0.06,Valid,,,N/A,N/A
2/17/2025 11:54,0.057,Valid,,,N/A,N/A
2/17/2025 11:54,0.058,Valid,,,N/A,N/A
2/17/2025 11:54,0.055,Valid,,,N/A,N/A
2/17/2025 11:54,0.052,Valid,,,N/A,N/A
2/17/2025 11:54,0.059,Valid,,,N/A,N/A
2/17/2025 11:54,0.063,Valid,,,N/A,N/A
2/17/2025 11:54,0.056,Valid,,,N/A,N/A
2/17/2025 11:54,0.056,Valid,,,N/A,N/A
2/17/2025 11:54,0.066,Valid,,,N/A,N/A
2/17/2025 11:54,0.062,Valid,,,N/A,N/A
2/17/2025 11:54,0.055,Valid,,,N/A,N/A
2/17/2025 11:54,0.066,Valid,,,N/A,N/A
2/17/2025 11:54,0.054,Valid,,,N/A,N/A
2/17/2025 11:54,0.053,Valid,,,N/A,N/A
2/17/2025 11:54,0.062,Valid,,,N/A,N/A
2/17/2025 11:54,0.054,Valid,,,N/A,N/A
2/17/2025 11:54,0.064,Valid,,,N/A,N/A
2/17/2025 11:55,0.053,Valid,,,N/A,N/A
2/17/2025 11:55,0.063,Valid,,,N/A,N/A
2/17/2025 11:55,0.052,Valid,,,N/A,N/A
2/17/2025 11:55,0.062,Valid,,,N/A,N/A
2/17/2025 11:55,0.053,Valid,,,N/A,N/A
2/17/2025 11:55,0.068,Valid,,,N/A,N/A
2/17/2025 11:55,0.052,Valid,,,N/A,N/A
2/17/2025 11:55,0.068,Valid,,,N/A,N/A
2/17/2025 11:55,0.054,Valid,,,N/A,N/A
2/17/2025 11:55,0.065,Valid,,,N/A,N/A
2/17/2025 11:55,0.055,Valid,,,N/A,N/A
2/17/2025 11:55,0.05,Valid,,,N/A,N/A
2/17/2025 11:55,0.061,Valid,,,N/A,N/A
2/17/2025 11:55,0.053,Valid,,,N/A,N/A
2/17/2025 11:55,0.061,Valid,,,N/A,N/A
2/17/2025 11:55,0.061,Valid,,,N/A,N/A
2/17/2025 11:55,0.053,Valid,,,N/A,N/A
2/17/2025 11:55,0.053,Valid,,,N/A,N/A
2/17/2025 11:55,0.058,Valid,,,N/A,N/A
2/17/2025 11:56,0.051,Valid,,,N/A,N/A
2/17/2025 11:56,0.064,Valid,,,N/A,N/A
2/17/2025 11:56,0.053,Valid,,,N/A,N/A
2/17/2025 11:56,0.064,Valid,,,N/A,N/A
2/17/2025 11:56,0.053,Valid,,,N/A,N/A
2/17/2025 11:56,0.062,Valid,,,N/A,N/A
2/17/2025 11:56,0.053,Valid,,,N/A,N/A
2/17/2025 11:56,0.063,Valid,,,N/A,N/A
2/17/2025 11:56,0.053,Valid,,,N/A,N/A
2/17/2025 11:56,0.062,Valid,,,N/A,N/A
2/17/2025 11:56,0.052,Valid,,,N/A,N/A
2/17/2025 11:56,0.063,Valid,,,N/A,N/A
2/17/2025 11:56,0.048,Valid,,,N/A,N/A
2/17/2025 11:56,0.055,Valid,,,N/A,N/A
2/17/2025 11:56,0.049,Valid,,,N/A,N/A
2/17/2025 11:56,0.058,Valid,,,N/A,N/A
2/17/2025 11:56,0.051,Valid,,,N/A,N/A
2/17/2025 11:57,0.06,Valid,,,N/A,N/A
2/17/2025 11:57,0.051,Valid,,,N/A,N/A
2/17/2025 11:57,0.049,Valid,,,N/A,N/A
2/17/2025 11:57,0.057,Valid,,,N/A,N/A
2/17/2025 11:57,0.05,Valid,,,N/A,N/A
2/17/2025 11:57,0.058,Valid,,,N/A,N/A
2/17/2025 11:57,0.049,Valid,,,N/A,N/A
2/17/2025 11:57,0.05,Valid,,,N/A,N/A
2/17/2025 11:57,0.056,Valid,,,N/A,N/A
2/17/2025 11:57,0.05,Valid,,,N/A,N/A
2/17/2025 11:57,0.059,Valid,,,N/A,N/A
2/17/2025 11:57,0.05,Valid,,,N/A,N/A
2/17/2025 11:57,0.058,Valid,,,N/A,N/A
2/17/2025 11:57,0.051,Valid,,,N/A,N/A
2/17/2025 11:57,0.06,Valid,,,N/A,N/A
2/17/2025 11:57,0.059,Valid,,,N/A,N/A
2/17/2025 11:57,0.054,Valid,,,N/A,N/A
2/17/2025 11:58,0.052,Valid,,,N/A,N/A
2/17/2025 11:58,0.058,Valid,,,N/A,N/A
2/17/2025 11:58,0.054,Valid,,,N/A,N/A
2/17/2025 11:58,0.063,Valid,,,N/A,N/A
2/17/2025 11:58,0.053,Valid,,,N/A,N/A
2/17/2025 11:58,0.055,Valid,,,N/A,N/A
2/17/2025 11:58,0.062,Valid,,,N/A,N/A
2/17/2025 11:58,0.061,Valid,,,N/A,N/A
2/17/2025 11:58,0.062,Valid,,,N/A,N/A
2/17/2025 11:58,0.054,Valid,,,N/A,N/A
2/17/2025 11:58,0.06,Valid,,,N/A,N/A
2/17/2025 11:58,0.053,Valid,,,N/A,N/A
2/17/2025 11:58,0.06,Valid,,,N/A,N/A
2/17/2025 11:58,0.056,Valid,,,N/A,N/A
2/17/2025 11:58,0.063,Valid,,,N/A,N/A
2/17/2025 11:58,0.059,Valid,,,N/A,N/A
2/17/2025 11:59,0.059,Valid,,,N/A,N/A
2/17/2025 11:59,0.067,Valid,,,N/A,N/A
2/17/2025 11:59,0.059,Valid,,,N/A,N/A
2/17/2025 11:59,0.061,Valid,,,N/A,N/A
2/17/2025 11:59,0.054,Valid,,,N/A,N/A
2/17/2025 11:59,0.054,Valid,,,N/A,N/A
2/17/2025 11:59,0.058,Valid,,,N/A,N/A
2/17/2025 11:59,0.057,Valid,,,N/A,N/A
2/17/2025 11:59,0.056,Valid,,,N/A,N/A
2/17/2025 11:59,0.055,Valid,,,N/A,N/A
2/17/2025 11:59,0.057,Valid,,,N/A,N/A
2/17/2025 11:59,0.057,Valid,,,N/A,N/A
2/17/2025 11:59,0.054,Valid,,,N/A,N/A
2/17/2025 11:59,0.056,Valid,,,N/A,N/A
2/17/2025 11:59,0.052,Valid,,,N/A,N/A
2/17/2025 11:59,0.055,Valid,,,N/A,N/A
2/17/2025 11:59,0.053,Valid,,,N/A,N/A
2/17/2025 11:59,0.052,Valid,,,N/A,N/A
2/17/2025 11:59,0.054,Valid,,,N/A,N/A
2/17/2025 12:00,0.055,Valid,,,N/A,N/A
2/17/2025 12:00,0.063,Valid,,,N/A,N/A
2/17/2025 12:00,0.057,Valid,,,N/A,N/A
2/17/2025 12:00,0.064,Valid,,,N/A,N/A
2/17/2025 12:00,0.057,Valid,,,N/A,N/A
2/17/2025 12:00,0.064,Valid,,,N/A,N/A
2/17/2025 12:00,0.06,Valid,,,N/A,N/A
2/17/2025 12:00,0.052,Valid,,,N/A,N/A
2/17/2025 12:00,0.06,Valid,,,N/A,N/A
2/17/2025 12:00,0.053,Valid,,,N/A,N/A
2/17/2025 12:00,0.055,Valid,,,N/A,N/A
2/17/2025 12:00,0.067,Valid,,,N/A,N/A
2/17/2025 12:00,0.054,Valid,,,N/A,N/A
2/17/2025 12:00,0.065,Valid,,,N/A,N/A
2/17/2025 12:00,0.053,Valid,,,N/A,N/A
2/17/2025 12:00,0.054,Valid,,,N/A,N/A
2/17/2025 12:00,0.057,Valid,,,N/A,N/A
2/17/2025 12:00,0.068,Valid,,,N/A,N/A
2/17/2025 12:01,0.054,Valid,,,N/A,N/A
2/17/2025 12:01,0.059,Valid,,,N/A,N/A
2/17/2025 12:01,0.049,Valid,,,N/A,N/A
2/17/2025 12:01,0.052,Valid,,,N/A,N/A
2/17/2025 12:01,0.057,Valid,,,N/A,N/A
2/17/2025 12:01,0.06,Valid,,,N/A,N/A
2/17/2025 12:01,0.057,Valid,,,N/A,N/A
2/17/2025 12:01,0.059,Valid,,,N/A,N/A
2/17/2025 12:01,0.057,Valid,,,N/A,N/A
2/17/2025 12:01,0.054,Valid,,,N/A,N/A
2/17/2025 12:01,0.06,Valid,,,N/A,N/A
2/17/2025 12:01,0.049,Valid,,,N/A,N/A
2/17/2025 12:01,0.057,Valid,,,N/A,N/A
2/17/2025 12:01,0.051,Valid,,,N/A,N/A
2/17/2025 12:01,0.061,Valid,,,N/A,N/A
2/17/2025 12:01,0.05,Valid,,,N/A,N/A
2/17/2025 12:02,0.06,Valid,,,N/A,N/A
2/17/2025 12:02,0.05,Valid,,,N/A,N/A
2/17/2025 12:02,0.05,Valid,,,N/A,N/A
2/17/2025 12:02,0.062,Valid,,,N/A,N/A
2/17/2025 12:02,0.069,Valid,,,N/A,N/A
2/17/2025 12:02,0.054,Valid,,,N/A,N/A
2/17/2025 12:02,0.068,Valid,,,N/A,N/A
2/17/2025 12:02,0.059,Valid,,,N/A,N/A
2/17/2025 12:02,0.051,Valid,,,N/A,N/A
2/17/2025 12:02,0.063,Valid,,,N/A,N/A
2/17/2025 12:02,0.051,Valid,,,N/A,N/A
2/17/2025 12:02,0.067,Valid,,,N/A,N/A
2/17/2025 12:02,0.053,Valid,,,N/A,N/A
2/17/2025 12:02,0.068,Valid,,,N/A,N/A
2/17/2025 12:02,0.065,Valid,,,N/A,N/A
2/17/2025 12:02,0.051,Valid,,,N/A,N/A
2/17/2025 12:02,0.06,Valid,,,N/A,N/A
2/17/2025 12:02,0.061,Valid,,,N/A,N/A
2/17/2025 12:02,0.051,Valid,,,N/A,N/A
2/17/2025 12:03,0.061,Valid,,,N/A,N/A
2/17/2025 12:03,0.048,Valid,,,N/A,N/A
2/17/2025 12:03,0.049,Valid,,,N/A,N/A
2/17/2025 12:03,0.06,Valid,,,N/A,N/A
2/17/2025 12:03,0.048,Valid,,,N/A,N/A
2/17/2025 12:03,0.048,Valid,,,N/A,N/A
2/17/2025 12:03,0.058,Valid,,,N/A,N/A
2/17/2025 12:03,0.048,Valid,,,N/A,N/A
2/17/2025 12:03,0.061,Valid,,,N/A,N/A
2/17/2025 12:03,0.05,Valid,,,N/A,N/A
2/17/2025 12:03,0.061,Valid,,,N/A,N/A
2/17/2025 12:03,0.048,Valid,,,N/A,N/A
2/17/2025 12:03,0.059,Valid,,,N/A,N/A
2/17/2025 12:03,0.052,Valid,,,N/A,N/A
2/17/2025 12:03,0.063,Valid,,,N/A,N/A
2/17/2025 12:03,0.05,Valid,,,N/A,N/A
2/17/2025 12:03,0.061,Valid,,,N/A,N/A
2/17/2025 12:04,0.05,Valid,,,N/A,N/A
2/17/2025 12:04,0.052,Valid,,,N/A,N/A
2/17/2025 12:04,0.061,Valid,,,N/A,N/A
2/17/2025 12:04,0.051,Valid,,,N/A,N/A
2/17/2025 12:04,0.06,Valid,,,N/A,N/A
2/17/2025 12:04,0.051,Valid,,,N/A,N/A
2/17/2025 12:04,0.067,Valid,,,N/A,N/A
2/17/2025 12:04,0.062,Valid,,,N/A,N/A
2/17/2025 12:04,0.05,Valid,,,N/A,N/A
2/17/2025 12:04,0.056,Valid,,,N/A,N/A
2/17/2025 12:04,0.069,Valid,,,N/A,N/A
2/17/2025 12:04,0.063,Valid,,,N/A,N/A
2/17/2025 12:04,0.051,Valid,,,N/A,N/A
2/17/2025 12:04,0.066,Valid,,,N/A,N/A
2/17/2025 12:04,0.056,Valid,,,N/A,N/A
2/17/2025 12:04,0.052,Valid,,,N/A,N/A
2/17/2025 12:04,0.059,Valid,,,N/A,N/A
2/17/2025 12:04,0.05,Valid,,,N/A,N/A
2/17/2025 12:05,0.057,Valid,,,N/A,N/A
2/17/2025 12:05,0.052,Valid,,,N/A,N/A
2/17/2025 12:05,0.051,Valid,,,N/A,N/A
2/17/2025 12:05,0.056,Valid,,,N/A,N/A
2/17/2025 12:05,0.054,Valid,,,N/A,N/A
2/17/2025 12:05,0.05,Valid,,,N/A,N/A
2/17/2025 12:05,0.051,Valid,,,N/A,N/A
2/17/2025 12:05,0.058,Valid,,,N/A,N/A
2/17/2025 12:05,0.051,Valid,,,N/A,N/A
2/17/2025 12:05,0.054,Valid,,,N/A,N/A
2/17/2025 12:05,0.057,Valid,,,N/A,N/A
2/17/2025 12:05,0.067,Valid,,,N/A,N/A
2/17/2025 12:05,0.067,Valid,,,N/A,N/A
2/17/2025 12:05,0.06,Valid,,,N/A,N/A
2/17/2025 12:05,0.061,Valid,,,N/A,N/A
2/17/2025 12:05,0.069,Valid,,,N/A,N/A
2/17/2025 12:05,0.06,Valid,,,N/A,N/A
2/17/2025 12:05,0.063,Valid,,,N/A,N/A
2/17/2025 12:05,0.055,Valid,,,N/A,N/A
2/17/2025 12:06,0.053,Valid,,,N/A,N/A
2/17/2025 12:06,0.048,Valid,,,N/A,N/A
2/17/2025 12:06,0.058,Valid,,,N/A,N/A
2/17/2025 12:06,0.048,Valid,,,N/A,N/A
2/17/2025 12:06,0.057,Valid,,,N/A,N/A
2/17/2025 12:06,0.046,Valid,,,N/A,N/A
2/17/2025 12:06,0.055,Valid,,,N/A,N/A
2/17/2025 12:06,0.047,Valid,,,N/A,N/A
2/17/2025 12:06,0.055,Valid,,,N/A,N/A
2/17/2025 12:06,0.047,Valid,,,N/A,N/A
2/17/2025 12:06,0.052,Valid,,,N/A,N/A
2/17/2025 12:06,0.048,Valid,,,N/A,N/A
2/17/2025 12:06,0.052,Valid,,,N/A,N/A
2/17/2025 12:06,0.053,Valid,,,N/A,N/A
2/17/2025 12:06,0.048,Valid,,,N/A,N/A
2/17/2025 12:07,0.049,Valid,,,N/A,N/A
2/17/2025 12:07,0.048,Valid,,,N/A,N/A
2/17/2025 12:07,0.05,Valid,,,N/A,N/A
2/17/2025 12:07,0.049,Valid,,,N/A,N/A
2/17/2025 12:07,0.051,Valid,,,N/A,N/A
2/17/2025 12:07,0.056,Valid,,,N/A,N/A
2/17/2025 12:07,0.05,Valid,,,N/A,N/A
2/17/2025 12:07,0.055,Valid,,,N/A,N/A
2/17/2025 12:07,0.051,Valid,,,N/A,N/A
2/17/2025 12:07,0.052,Valid,,,N/A,N/A
2/17/2025 12:07,0.057,Valid,,,N/A,N/A
2/17/2025 12:07,0.057,Valid,,,N/A,N/A
2/17/2025 12:07,0.051,Valid,,,N/A,N/A
2/17/2025 12:07,0.059,Valid,,,N/A,N/A
2/17/2025 12:07,0.051,Valid,,,N/A,N/A
2/17/2025 12:07,0.06,Valid,,,N/A,N/A
2/17/2025 12:07,0.051,Valid,,,N/A,N/A
2/17/2025 12:08,0.052,Valid,,,N/A,N/A
2/17/2025 12:08,0.053,Valid,,,N/A,N/A
2/17/2025 12:08,0.06,Valid,,,N/A,N/A
2/17/2025 12:08,0.059,Valid,,,N/A,N/A
2/17/2025 12:08,0.053,Valid,,,N/A,N/A
2/17/2025 12:08,0.06,Valid,,,N/A,N/A
2/17/2025 12:08,0.054,Valid,,,N/A,N/A
2/17/2025 12:08,0.063,Valid,,,N/A,N/A
2/17/2025 12:08,0.064,Valid,,,N/A,N/A
2/17/2025 12:08,0.054,Valid,,,N/A,N/A
2/17/2025 12:08,0.065,Valid,,,N/A,N/A
2/17/2025 12:08,0.056,Valid,,,N/A,N/A
2/17/2025 12:08,0.067,Valid,,,N/A,N/A
2/17/2025 12:08,0.064,Valid,,,N/A,N/A
2/17/2025 12:08,0.056,Valid,,,N/A,N/A
2/17/2025 12:08,0.06,Valid,,,N/A,N/A
2/17/2025 12:08,0.05,Valid,,,N/A,N/A
2/17/2025 12:09,0.053,Valid,,,N/A,N/A
2/17/2025 12:09,0.06,Valid,,,N/A,N/A
2/17/2025 12:09,0.056,Valid,,,N/A,N/A
2/17/2025 12:09,0.068,Valid,,,N/A,N/A
2/17/2025 12:09,0.054,Valid,,,N/A,N/A
2/17/2025 12:09,0.059,Valid,,,N/A,N/A
2/17/2025 12:09,0.053,Valid,,,N/A,N/A
2/17/2025 12:09,0.056,Valid,,,N/A,N/A
2/17/2025 12:09,0.059,Valid,,,N/A,N/A
2/17/2025 12:09,0.058,Valid,,,N/A,N/A
2/17/2025 12:09,0.053,Valid,,,N/A,N/A
2/17/2025 12:09,0.052,Valid,,,N/A,N/A
2/17/2025 12:09,0.054,Valid,,,N/A,N/A
2/17/2025 12:09,0.055,Valid,,,N/A,N/A
2/17/2025 12:09,0.057,Valid,,,N/A,N/A
2/17/2025 12:09,0.059,Valid,,,N/A,N/A
2/17/2025 12:09,0.055,Valid,,,N/A,N/A
2/17/2025 12:09,0.055,Valid,,,N/A,N/A
2/17/2025 12:09,0.059,Valid,,,N/A,N/A
2/17/2025 12:10,0.059,Valid,,,N/A,N/A
2/17/2025 12:10,0.055,Valid,,,N/A,N/A
2/17/2025 12:10,0.057,Valid,,,N/A,N/A
2/17/2025 12:10,0.054,Valid,,,N/A,N/A
2/17/2025 12:10,0.054,Valid,,,N/A,N/A
2/17/2025 12:10,0.057,Valid,,,N/A,N/A
2/17/2025 12:10,0.057,Valid,,,N/A,N/A
2/17/2025 12:10,0.059,Valid,,,N/A,N/A
2/17/2025 12:10,0.059,Valid,,,N/A,N/A
2/17/2025 12:10,0.054,Valid,,,N/A,N/A
2/17/2025 12:10,0.051,Valid,,,N/A,N/A
2/17/2025 12:10,0.054,Valid,,,N/A,N/A
2/17/2025 12:10,0.062,Valid,,,N/A,N/A
2/17/2025 12:10,0.055,Valid,,,N/A,N/A
2/17/2025 12:10,0.06,Valid,,,N/A,N/A
2/17/2025 12:10,0.064,Valid,,,N/A,N/A
2/17/2025 12:10,0.054,Valid,,,N/A,N/A
2/17/2025 12:10,0.051,Valid,,,N/A,N/A
2/17/2025 12:10,0.06,Valid,,,N/A,N/A
2/17/2025 12:11,0.055,Valid,,,N/A,N/A
2/17/2025 12:11,0.062,Valid,,,N/A,N/A
2/17/2025 12:11,0.055,Valid,,,N/A,N/A
2/17/2025 12:11,0.063,Valid,,,N/A,N/A
2/17/2025 12:11,0.051,Valid,,,N/A,N/A
2/17/2025 12:11,0.065,Valid,,,N/A,N/A
2/17/2025 12:11,0.053,Valid,,,N/A,N/A
2/17/2025 12:11,0.068,Valid,,,N/A,N/A
2/17/2025 12:11,0.057,Valid,,,N/A,N/A
2/17/2025 12:11,0.066,Valid,,,N/A,N/A
2/17/2025 12:11,0.055,Valid,,,N/A,N/A
2/17/2025 12:11,0.066,Valid,,,N/A,N/A
2/17/2025 12:11,0.057,Valid,,,N/A,N/A
2/17/2025 12:11,0.066,Valid,,,N/A,N/A
2/17/2025 12:11,0.056,Valid,,,N/A,N/A
2/17/2025 12:11,0.062,Valid,,,N/A,N/A
2/17/2025 12:11,0.054,Valid,,,N/A,N/A
2/17/2025 12:11,0.066,Valid,,,N/A,N/A
2/17/2025 12:12,0.056,Valid,,,N/A,N/A
2/17/2025 12:12,0.063,Valid,,,N/A,N/A
2/17/2025 12:12,0.056,Valid,,,N/A,N/A
2/17/2025 12:12,0.06,Valid,,,N/A,N/A
2/17/2025 12:12,0.062,Valid,,,N/A,N/A
2/17/2025 12:12,0.054,Valid,,,N/A,N/A
2/17/2025 12:12,0.058,Valid,,,N/A,N/A
2/17/2025 12:12,0.055,Valid,,,N/A,N/A
2/17/2025 12:12,0.053,Valid,,,N/A,N/A
2/17/2025 12:12,0.056,Valid,,,N/A,N/A
2/17/2025 12:12,0.061,Valid,,,N/A,N/A
2/17/2025 12:12,0.054,Valid,,,N/A,N/A
2/17/2025 12:12,0.064,Valid,,,N/A,N/A
2/17/2025 12:12,0.055,Valid,,,N/A,N/A
2/17/2025 12:12,0.061,Valid,,,N/A,N/A
2/17/2025 12:12,0.055,Valid,,,N/A,N/A
2/17/2025 12:12,0.063,Valid,,,N/A,N/A
2/17/2025 12:12,0.055,Valid,,,N/A,N/A
2/17/2025 12:13,0.065,Valid,,,N/A,N/A
2/17/2025 12:13,0.053,Valid,,,N/A,N/A
2/17/2025 12:13,0.066,Valid,,,N/A,N/A
2/17/2025 12:13,0.054,Valid,,,N/A,N/A
2/17/2025 12:13,0.06,Valid,,,N/A,N/A
2/17/2025 12:13,0.049,Valid,,,N/A,N/A
2/17/2025 12:13,0.059,Valid,,,N/A,N/A
2/17/2025 12:13,0.05,Valid,,,N/A,N/A
2/17/2025 12:13,0.058,Valid,,,N/A,N/A
2/17/2025 12:13,0.057,Valid,,,N/A,N/A
2/17/2025 12:13,0.049,Valid,,,N/A,N/A
2/17/2025 12:13,0.058,Valid,,,N/A,N/A
2/17/2025 12:13,0.05,Valid,,,N/A,N/A
2/17/2025 12:13,0.057,Valid,,,N/A,N/A
2/17/2025 12:13,0.05,Valid,,,N/A,N/A
2/17/2025 12:13,0.059,Valid,,,N/A,N/A
2/17/2025 12:13,0.051,Valid,,,N/A,N/A
2/17/2025 12:13,0.057,Valid,,,N/A,N/A
2/17/2025 12:14,0.057,Valid,,,N/A,N/A
2/17/2025 12:14,0.052,Valid,,,N/A,N/A
2/17/2025 12:14,0.058,Valid,,,N/A,N/A
2/17/2025 12:14,0.051,Valid,,,N/A,N/A
2/17/2025 12:14,0.059,Valid,,,N/A,N/A
2/17/2025 12:14,0.051,Valid,,,N/A,N/A
2/17/2025 12:14,0.059,Valid,,,N/A,N/A
2/17/2025 12:14,0.05,Valid,,,N/A,N/A
2/17/2025 12:14,0.061,Valid,,,N/A,N/A
2/17/2025 12:14,0.052,Valid,,,N/A,N/A
2/17/2025 12:14,0.061,Valid,,,N/A,N/A
2/17/2025 12:14,0.053,Valid,,,N/A,N/A
2/17/2025 12:14,0.058,Valid,,,N/A,N/A
2/17/2025 12:14,0.063,Valid,,,N/A,N/A
2/17/2025 12:14,0.055,Valid,,,N/A,N/A
2/17/2025 12:14,0.056,Valid,,,N/A,N/A
2/17/2025 12:14,0.061,Valid,,,N/A,N/A
2/17/2025 12:15,0.062,Valid,,,N/A,N/A
2/17/2025 12:15,0.056,Valid,,,N/A,N/A
2/17/2025 12:15,0.062,Valid,,,N/A,N/A
2/17/2025 12:15,0.055,Valid,,,N/A,N/A
2/17/2025 12:15,0.061,Valid,,,N/A,N/A
2/17/2025 12:15,0.054,Valid,,,N/A,N/A
2/17/2025 12:15,0.059,Valid,,,N/A,N/A
2/17/2025 12:15,0.054,Valid,,,N/A,N/A
2/17/2025 12:15,0.061,Valid,,,N/A,N/A
2/17/2025 12:15,0.055,Valid,,,N/A,N/A
2/17/2025 12:15,0.062,Valid,,,N/A,N/A
2/17/2025 12:15,0.059,Valid,,,N/A,N/A
2/17/2025 12:15,0.059,Valid,,,N/A,N/A
2/17/2025 12:15,0.065,Valid,,,N/A,N/A
2/17/2025 12:15,0.059,Valid,,,N/A,N/A
2/17/2025 12:15,0.068,Valid,,,N/A,N/A
2/17/2025 12:15,0.056,Valid,,,N/A,N/A
2/17/2025 12:15,0.062,Valid,,,N/A,N/A
2/17/2025 12:15,0.056,Valid,,,N/A,N/A
2/17/2025 12:15,0.054,Valid,,,N/A,N/A
2/17/2025 12:16,0.056,Valid,,,N/A,N/A
2/17/2025 12:16,0.055,Valid,,,N/A,N/A
2/17/2025 12:16,0.058,Valid,,,N/A,N/A
2/17/2025 12:16,0.056,Valid,,,N/A,N/A
2/17/2025 12:16,0.06,Valid,,,N/A,N/A
2/17/2025 12:16,0.06,Valid,,,N/A,N/A
2/17/2025 12:16,0.057,Valid,,,N/A,N/A
2/17/2025 12:16,0.059,Valid,,,N/A,N/A
2/17/2025 12:16,0.052,Valid,,,N/A,N/A
2/17/2025 12:16,0.058,Valid,,,N/A,N/A
2/17/2025 12:16,0.055,Valid,,,N/A,N/A
2/17/2025 12:16,0.053,Valid,,,N/A,N/A
2/17/2025 12:16,0.053,Valid,,,N/A,N/A
2/17/2025 12:16,0.064,Valid,,,N/A,N/A
2/17/2025 12:16,0.06,Valid,,,N/A,N/A
2/17/2025 12:16,0.055,Valid,,,N/A,N/A
2/17/2025 12:16,0.06,Valid,,,N/A,N/A
2/17/2025 12:16,0.052,Valid,,,N/A,N/A
2/17/2025 12:17,0.052,Valid,,,N/A,N/A
2/17/2025 12:17,0.058,Valid,,,N/A,N/A
2/17/2025 12:17,0.052,Valid,,,N/A,N/A
2/17/2025 12:17,0.056,Valid,,,N/A,N/A
2/17/2025 12:17,0.067,Valid,,,N/A,N/A
2/17/2025 12:17,0.056,Valid,,,N/A,N/A
2/17/2025 12:17,0.067,Valid,,,N/A,N/A
2/17/2025 12:17,0.064,Valid,,,N/A,N/A
2/17/2025 12:17,0.053,Valid,,,N/A,N/A
2/17/2025 12:17,0.055,Valid,,,N/A,N/A
2/17/2025 12:17,0.055,Valid,,,N/A,N/A
2/17/2025 12:17,0.065,Valid,,,N/A,N/A
2/17/2025 12:17,0.056,Valid,,,N/A,N/A
2/17/2025 12:17,0.063,Valid,,,N/A,N/A
2/17/2025 12:17,0.054,Valid,,,N/A,N/A
2/17/2025 12:17,0.053,Valid,,,N/A,N/A
2/17/2025 12:17,0.058,Valid,,,N/A,N/A
2/17/2025 12:17,0.057,Valid,,,N/A,N/A
2/17/2025 12:18,0.059,Valid,,,N/A,N/A
2/17/2025 12:18,0.061,Valid,,,N/A,N/A
2/17/2025 12:18,0.064,Valid,,,N/A,N/A
2/17/2025 12:18,0.066,Valid,,,N/A,N/A
2/17/2025 12:18,0.06,Valid,,,N/A,N/A
2/17/2025 12:18,0.052,Valid,,,N/A,N/A
2/17/2025 12:18,0.053,Valid,,,N/A,N/A
2/17/2025 12:18,0.057,Valid,,,N/A,N/A
2/17/2025 12:18,0.048,Valid,,,N/A,N/A
2/17/2025 12:18,0.054,Valid,,,N/A,N/A
2/17/2025 12:18,0.048,Valid,,,N/A,N/A
2/17/2025 12:18,0.061,Valid,,,N/A,N/A
2/17/2025 12:18,0.049,Valid,,,N/A,N/A
2/17/2025 12:18,0.059,Valid,,,N/A,N/A
2/17/2025 12:18,0.052,Valid,,,N/A,N/A
2/17/2025 12:18,0.061,Valid,,,N/A,N/A
2/17/2025 12:18,0.054,Valid,,,N/A,N/A
2/17/2025 12:19,0.067,Valid,,,N/A,N/A
2/17/2025 12:19,0.07,Valid,,,N/A,N/A
2/17/2025 12:19,0.064,Valid,,,N/A,N/A
2/17/2025 12:19,0.051,Valid,,,N/A,N/A
2/17/2025 12:19,0.052,Valid,,,N/A,N/A
2/17/2025 12:19,0.069,Valid,,,N/A,N/A
2/17/2025 12:19,0.053,Valid,,,N/A,N/A
2/17/2025 12:19,0.068,Valid,,,N/A,N/A
2/17/2025 12:19,0.055,Valid,,,N/A,N/A
2/17/2025 12:19,0.063,Valid,,,N/A,N/A
2/17/2025 12:19,0.05,Valid,,,N/A,N/A
2/17/2025 12:19,0.052,Valid,,,N/A,N/A
2/17/2025 12:19,0.065,Valid,,,N/A,N/A
2/17/2025 12:19,0.061,Valid,,,N/A,N/A
2/17/2025 12:19,0.05,Valid,,,N/A,N/A
2/17/2025 12:19,0.048,Valid,,,N/A,N/A
2/17/2025 12:20,0.061,Valid,,,N/A,N/A
2/17/2025 12:20,0.051,Valid,,,N/A,N/A
2/17/2025 12:20,0.061,Valid,,,N/A,N/A
2/17/2025 12:20,0.049,Valid,,,N/A,N/A
2/17/2025 12:20,0.06,Valid,,,N/A,N/A
2/17/2025 12:20,0.052,Valid,,,N/A,N/A
2/17/2025 12:20,0.059,Valid,,,N/A,N/A
2/17/2025 12:20,0.05,Valid,,,N/A,N/A
2/17/2025 12:20,0.061,Valid,,,N/A,N/A
2/17/2025 12:20,0.052,Valid,,,N/A,N/A
2/17/2025 12:20,0.06,Valid,,,N/A,N/A
2/17/2025 12:20,0.049,Valid,,,N/A,N/A
2/17/2025 12:20,0.061,Valid,,,N/A,N/A
2/17/2025 12:20,0.049,Valid,,,N/A,N/A
2/17/2025 12:20,0.057,Valid,,,N/A,N/A
2/17/2025 12:20,0.049,Valid,,,N/A,N/A
2/17/2025 12:20,0.063,Valid,,,N/A,N/A
2/17/2025 12:20,0.052,Valid,,,N/A,N/A
2/17/2025 12:20,0.065,Valid,,,N/A,N/A
2/17/2025 12:20,0.054,Valid,,,N/A,N/A
2/17/2025 12:21,0.053,Valid,,,N/A,N/A
2/17/2025 12:21,0.067,Valid,,,N/A,N/A
2/17/2025 12:21,0.05,Valid,,,N/A,N/A
2/17/2025 12:21,0.06,Valid,,,N/A,N/A
2/17/2025 12:21,0.067,Valid,,,N/A,N/A
2/17/2025 12:21,0.057,Valid,,,N/A,N/A
2/17/2025 12:21,0.055,Valid,,,N/A,N/A
2/17/2025 12:21,0.066,Valid,,,N/A,N/A
2/17/2025 12:21,0.064,Valid,,,N/A,N/A
2/17/2025 12:21,0.053,Valid,,,N/A,N/A
2/17/2025 12:21,0.053,Valid,,,N/A,N/A
2/17/2025 12:21,0.062,Valid,,,N/A,N/A
2/17/2025 12:21,0.053,Valid,,,N/A,N/A
2/17/2025 12:21,0.036,Valid,,,N/A,N/A
2/17/2025 12:21,0.016,Valid,,,N/A,N/A
2/17/2025 12:21,0.002,Valid,,,N/A,N/A
2/17/2025 12:21,0,Valid,,,N/A,N/A
2/17/2025 12:21,0.001,Valid,,,N/A,N/A
2/17/2025 12:21,0.001,Valid,,,N/A,N/A
2/17/2025 12:22,0.001,Valid,,,N/A,N/A
2/17/2025 12:22,0,Valid,,,N/A,N/A
2/17/2025 12:22,0.001,Valid,,,N/A,N/A
2/17/2025 12:22,0.001,Valid,,,N/A,N/A
2/17/2025 12:22,0.001,Valid,,,N/A,N/A
2/17/2025 12:22,0.001,Valid,,,N/A,N/A
2/17/2025 12:22,0,Valid,,,N/A,N/A
2/17/2025 12:22,0.001,Valid,,,N/A,N/A
2/17/2025 12:22,0.001,Valid,,,N/A,N/A
2/17/2025 12:22,0.003,Valid,,,N/A,N/A
2/17/2025 12:22,0.001,Valid,,,N/A,N/A
2/17/2025 12:22,0.001,Valid,,,N/A,N/A
2/17/2025 12:22,0.001,Valid,,,N/A,N/A
2/17/2025 12:22,0.001,Valid,,,N/A,N/A
2/17/2025 12:22,0.002,Valid,,,N/A,N/A
2/17/2025 12:22,0.001,Valid,,,N/A,N/A
2/17/2025 12:23,0.001,Valid,,,N/A,N/A
2/17/2025 12:23,0.001,Valid,,,N/A,N/A
2/17/2025 12:23,0.001,Valid,,,N/A,N/A
2/17/2025 12:23,0.001,Valid,,,N/A,N/A
2/17/2025 12:23,0.001,Valid,,,N/A,N/A
2/17/2025 12:23,0.001,Valid,,,N/A,N/A
2/17/2025 12:23,0.004,Valid,,,N/A,N/A
2/17/2025 12:23,0.001,Valid,,,N/A,N/A
2/17/2025 12:23,0.001,Valid,,,N/A,N/A
2/17/2025 12:23,0.001,Valid,,,N/A,N/A
2/17/2025 12:23,0,Valid,,,N/A,N/A
2/17/2025 12:23,0.002,Valid,,,N/A,N/A
2/17/2025 12:23,0.006,Valid,,,N/A,N/A
2/17/2025 12:23,0.002,Valid,,,N/A,N/A
2/17/2025 12:23,0,Valid,,,N/A,N/A
2/17/2025 12:23,0.001,Valid,,,N/A,N/A
,,,,,,
,,,,,,
,,,,,,
,,,,,,
,,,,,,
,,,,,,
,,,,,,
,,,,,,
,,,,,,
,,,,,,
,,,,,,
,,,,,,
,,,,,,
,,,,,,
,,,,,,
,,,,,,
,,,,,,
,,,,,,
,,,,,,
,,,,,,
,,,,,,
,,,,,,
,,,,,,
,,,,,,
,,,,,,
,,,,,,
,,,,,,
,,,,,,
,,,,,,
,,,,,,
,,,,,,
,,,,,,
,,,,,,
,,,,,,
,,,,,,
,,,,,,
,,,,,,
,,,,,,
,,,,,,
,,,,,,
,,,,,,
,,,,,,
,,,,,,
,,,,,,
,,,,,,
,,,,,,
,,,,,,
,,,,,,
,,,,,,
,,,,,,
,,,,,,
,,,,,,
,,,,,,
,,,,,,
,,,,,,
,,,,,,
,,,,,,
,,,,,,
,,,,,,
,,,,,,
,,,,,,
,,,,,,
,,,,,,
,,,,,,
,,,,,,
,,,,,,
,,,,,,
,,,,,,
,,,,,,
,,,,,,
,,,,,,
,,,,,,
,,,,,,
,,,,,,
,,,,,,
,,,,,,
,,,,,,
,,,,,,
,,,,,,
,,,,,,
,,,,,,
,,,,,,
,,,,,,
,,,,,,
,,,,,,
,,,,,,
,,,,,,
,,,,,,
,,,,,,
,,,,,,
,,,,,,
,,,,,,
,,,,,,
,,,,,,
,,,,,,
,,,,,,
,,,,,,
,,,,,,
,,,,,,
,,,,,,
,,,,,,
,,,,,,
,,,,,,
,,,,,,
,,,,,,
,,,,,,
,,,,,,
,,,,,,
,,,,,,
,,,,,,
,,,,,,
,,,,,,
,,,,,,
,,,,,,
,,,,,,
,,,,,,
,,,,,,
,,,,,,
,,,,,,
,,,,,,
,,,,,,
,,,,,,
,,,,,,
,,,,,,
,,,,,,
,,,,,,
,,,,,,
,,,,,,
,,,,,,
,,,,,,
,,,,,,
,,,,,,
,,,,,,
,,,,,,
,,,,,,
,,,,,,
,,,,,,
,,,,,,
,,,,,,
,,,,,,
,,,,,,
,,,,,,
,,,,,,
,,,,,,
,,,,,,
,,,,,,
,,,,,,
,,,,,,
,,,,,,
,,,,,,
,,,,,,
,,,,,,
,,,,,,
,,,,,,
,,,,,,
,,,,,,
,,,,,,
,,,,,,
,,,,,,
,,,,,,
,,,,,,
,,,,,,
,,,,,,
,,,,,,
,,,,,,
,,,,,,
,,,,,,
,,,,,,
,,,,,,
,,,,,,
,,,,,,
,,,,,,
,,,,,,
,,,,,,
,,,,,,
,,,,,,
,,,,,,
,,,,,,
,,,,,,
,,,,,,
,,,,,,
,,,,,,
,,,,,,
,,,,,,
,,,,,,
,,,,,,
,,,,,,
,,,,,,
,,,,,,
,,,,,,
,,,,,,
,,,,,,
,,,,,,
,,,,,,
,,,,,,
,,,,,,
,,,,,,
,,,,,,
,,,,,,
,,,,,,
,,,,,,
,,,,,,
,,,,,,
,,,,,,
,,,,,,
,,,,,,
,,,,,,
,,,,,,
,,,,,,
,,,,,,
,,,,,,
,,,,,,
,,,,,,
,,,,,,
,,,,,,
,,,,,,
,,,,,,
,,,,,,
,,,,,,
,,,,,,
,,,,,,
,,,,,,
,,,,,,
,,,,,,
,,,,,,
,,,,,,
,,,,,,
,,,,,,
,,,,,,
,,,,,,
,,,,,,
,,,,,,
,,,,,,
,,,,,,
,,,,,,
,,,,,,
,,,,,,
,,,,,,
,,,,,,
,,,,,,
,,,,,,
,,,,,,
,,,,,,
,,,,,,
,,,,,,
,,,,,,
,,,,,,
,,,,,,
,,,,,,
,,,,,,
,,,,,,
,,,,,,
,,,,,,
,,,,,,
,,,,,,
,,,,,,
,,,,,,
,,,,,,
,,,,,,
,,,,,,
,,,,,,
,,,,,,
,,,,,,
,,,,,,
,,,,,,
,,,,,,
,,,,,,
,,,,,,
,,,,,,
,,,,,,
,,,,,,
,,,,,,
,,,,,,
,,,,,,
,,,,,,
,,,,,,
,,,,,,
,,,,,,
,,,,,,
,,,,,,
,,,,,,
,,,,,,
,,,,,,
,,,,,,
,,,,,,
,,,,,,
,,,,,,
,,,,,,
,,,,,,
,,,,,,
,,,,,,
,,,,,,
,,,,,,
,,,,,,
,,,,,,
,,,,,,
,,,,,,
,,,,,,
,,,,,,
,,,,,,
,,,,,,
,,,,,,
,,,,,,
,,,,,,
,,,,,,
,,,,,,
,,,,,,
,,,,,,
,,,,,,
,,,,,,
,,,,,,
,,,,,,
,,,,,,
,,,,,,
,,,,,,
,,,,,,
,,,,,,
,,,,,,
,,,,,,
,,,,,,
,,,,,,
,,,,,,
,,,,,,
,,,,,,
,,,,,,
,,,,,,
,,,,,,
,,,,,,
,,,,,,
,,,,,,
,,,,,,
,,,,,,
,,,,,,
,,,,,,
,,,,,,
,,,,,,
,,,,,,
,,,,,,
,,,,,,
,,,,,,
,,,,,,
,,,,,,
,,,,,,
,,,,,,
,,,,,,
,,,,,,
,,,,,,
,,,,,,
,,,,,,
,,,,,,
,,,,,,
,,,,,,
,,,,,,
,,,,,,
,,,,,,
,,,,,,
,,,,,,
,,,,,,
,,,,,,
,,,,,,
,,,,,,
,,,,,,
,,,,,,
,,,,,,
,,,,,,
,,,,,,
,,,,,,
,,,,,,
,,,,,,
,,,,,,
,,,,,,
,,,,,,
,,,,,,
,,,,,,
,,,,,,
,,,,,,
,,,,,,
,,,,,,
,,,,,,
,,,,,,
,,,,,,
,,,,,,
,,,,,,
,,,,,,
,,,,,,
,,,,,,
,,,,,,
,,,,,,
,,,,,,
,,,,,,
,,,,,,
,,,,,,
,,,,,,
,,,,,,
,,,,,,
,,,,,,
,,,,,,
,,,,,,
,,,,,,
,,,,,,
,,,,,,
,,,,,,
,,,,,,
,,,,,,
,,,,,,
,,,,,,
,,,,,,
,,,,,,
,,,,,,
,,,,,,
,,,,,,
,,,,,,
,,,,,,
,,,,,,
,,,,,,
,,,,,,
,,,,,,
,,,,,,
,,,,,,
,,,,,,
,,,,,,
,,,,,,
,,,,,,
,,,,,,
,,,,,,
,,,,,,
,,,,,,
,,,,,,
,,,,,,
,,,,,,
,,,,,,
,,,,,,
,,,,,,
,,,,,,
,,,,,,
,,,,,,
,,,,,,
,,,,,,
,,,,,,
,,,,,,
,,,,,,
,,,,,,
,,,,,,
,,,,,,
,,,,,,
,,,,,,
,,,,,,
,,,,,,
,,,,,,
,,,,,,
,,,,,,
,,,,,,
,,,,,,
,,,,,,
,,,,,,
,,,,,,
,,,,,,
,,,,,,
,,,,,,
,,,,,,
,,,,,,
,,,,,,
,,,,,,
,,,,,,
,,,,,,
,,,,,,
,,,,,,
,,,,,,
,,,,,,
,,,,,,
,,,,,,
,,,,,,
,,,,,,
,,,,,,
,,,,,,
,,,,,,
,,,,,,
,,,,,,
,,,,,,
,,,,,,
,,,,,,
,,,,,,
,,,,,,
,,,,,,
,,,,,,
,,,,,,
,,,,,,
,,,,,,
,,,,,,
,,,,,,
,,,,,,
,,,,,,
,,,,,,
,,,,,,
,,,,,,
,,,,,,
,,,,,,
,,,,,,
,,,,,,
,,,,,,
,,,,,,
,,,,,,
,,,,,,
,,,,,,
,,,,,,
,,,,,,
,,,,,,
,,,,,,
,,,,,,
,,,,,,
,,,,,,
,,,,,,
,,,,,,
,,,,,,
,,,,,,
,,,,,,
,,,,,,
,,,,,,
,,,,,,
,,,,,,
,,,,,,
,,,,,,
,,,,,,
,,,,,,
,,,,,,
,,,,,,
,,,,,,
,,,,,,
,,,,,,
,,,,,,
,,,,,,
,,,,,,
,,,,,,
,,,,,,
,,,,,,
,,,,,,
,,,,,,
,,,,,,
,,,,,,
,,,,,,
,,,,,,
,,,,,,
,,,,,,
,,,,,,
,,,,,,
,,,,,,
,,,,,,
,,,,,,
,,,,,,
,,,,,,
,,,,,,
,,,,,,
,,,,,,
,,,,,,
,,,,,,
,,,,,,
,,,,,,
,,,,,,
,,,,,,
,,,,,,
,,,,,,
,,,,,,
,,,,,,
,,,,,,
,,,,,,
,,,,,,
,,,,,,
,,,,,,
,,,,,,
,,,,,,
,,,,,,
,,,,,,
,,,,,,
,,,,,,
,,,,,,
,,,,,,
,,,,,,
,,,,,,
,,,,,,
,,,,,,
,,,,,,
,,,,,,
,,,,,,
,,,,,,
,,,,,,
,,,,,,
,,,,,,
,,,,,,
,,,,,,
,,,,,,
,,,,,,
,,,,,,
,,,,,,
,,,,,,
,,,,,,
,,,,,,
,,,,,,
,,,,,,
,,,,,,
,,,,,,
,,,,,,
,,,,,,
,,,,,,
,,,,,,
,,,,,,
,,,,,,
,,,,,,
,,,,,,
,,,,,,
,,,,,,
,,,,,,
,,,,,,
,,,,,,
,,,,,,
,,,,,,
,,,,,,
,,,,,,
,,,,,,
,,,,,,
,,,,,,
,,,,,,
,,,,,,
,,,,,,
,,,,,,
,,,,,,
,,,,,,
,,,,,,
,,,,,,
,,,,,,
,,,,,,
,,,,,,
,,,,,,
,,,,,,
,,,,,,
,,,,,,
,,,,,,
,,,,,,
,,,,,,
,,,,,,
,,,,,,
,,,,,,
,,,,,,
,,,,,,
,,,,,,
,,,,,,
,,,,,,
,,,,,,
,,,,,,
,,,,,,
,,,,,,
,,,,,,
,,,,,,
,,,,,,
,,,,,,
,,,,,,
,,,,,,
,,,,,,
,,,,,,
,,,,,,
,,,,,,
,,,,,,
,,,,,,
,,,,,,
,,,,,,
,,,,,,
,,,,,,
,,,,,,
,,,,,,
,,,,,,
,,,,,,
,,,,,,
,,,,,,
,,,,,,
,,,,,,
,,,,,,
,,,,,,
,,,,,,
,,,,,,
,,,,,,
,,,,,,
,,,,,,
,,,,,,
,,,,,,
,,,,,,
,,,,,,
,,,,,,
,,,,,,
,,,,,,
,,,,,,
,,,,,,
,,,,,,
,,,,,,
,,,,,,
,,,,,,
,,,,,,
,,,,,,
,,,,,,
,,,,,,
,,,,,,
,,,,,,
,,,,,,
,,,,,,
,,,,,,
,,,,,,
,,,,,,
,,,,,,
,,,,,,
,,,,,,
,,,,,,
,,,,,,
,,,,,,
,,,,,,
,,,,,,
,,,,,,
,,,,,,
,,,,,,
,,,,,,
,,,,,,
,,,,,,
,,,,,,
,,,,,,
,,,,,,
,,,,,,
,,,,,,
,,,,,,
,,,,,,
,,,,,,
,,,,,,
,,,,,,
,,,,,,
,,,,,,
,,,,,,
,,,,,,
,,,,,,
,,,,,,
,,,,,,
,,,,,,
,,,,,,
,,,,,,
,,,,,,
,,,,,,
,,,,,,
,,,,,,
,,,,,,
,,,,,,
,,,,,,
,,,,,,
,,,,,,
,,,,,,
,,,,,,
,,,,,,
,,,,,,
,,,,,,
,,,,,,
,,,,,,
,,,,,,
,,,,,,
,,,,,,
,,,,,,
,,,,,,
,,,,,,
,,,,,,
,,,,,,
,,,,,,
,,,,,,
,,,,,,
,,,,,,
,,,,,,
,,,,,,
,,,,,,
,,,,,,
,,,,,,
,,,,,,
,,,,,,
,,,,,,
,,,,,,
,,,,,,
,,,,,,
,,,,,,
,,,,,,
,,,,,,
,,,,,,
,,,,,,
,,,,,,
,,,,,,
,,,,,,
,,,,,,
,,,,,,
,,,,,,
,,,,,,
,,,,,,
,,,,,,
,,,,,,
,,,,,,
,,,,,,
,,,,,,
,,,,,,
,,,,,,
,,,,,,
,,,,,,
,,,,,,
,,,,,,
,,,,,,
,,,,,,
,,,,,,
,,,,,,
,,,,,,
,,,,,,
,,,,,,
,,,,,,
,,,,,,
,,,,,,
,,,,,,
,,,,,,
,,,,,,
,,,,,,
,,,,,,
,,,,,,
,,,,,,
,,,,,,
,,,,,,
,,,,,,
,,,,,,
,,,,,,
,,,,,,
,,,,,,
,,,,,,
,,,,,,
,,,,,,
,,,,,,
,,,,,,
,,,,,,
,,,,,,
,,,,,,
,,,,,,
,,,,,,
,,,,,,
,,,,,,
,,,,,,
,,,,,,
,,,,,,
,,,,,,
,,,,,,
,,,,,,
,,,,,,
,,,,,,
,,,,,,
,,,,,,
,,,,,,
,,,,,,
,,,,,,
,,,,,,
,,,,,,
,,,,,,
,,,,,,
,,,,,,
,,,,,,
,,,,,,
,,,,,,
,,,,,,
,,,,,,
,,,,,,
,,,,,,
,,,,,,
,,,,,,
,,,,,,
,,,,,,
,,,,,,
,,,,,,
,,,,,,
,,,,,,
,,,,,,
,,,,,,
,,,,,,
,,,,,,
,,,,,,
,,,,,,
,,,,,,
,,,,,,
,,,,,,
,,,,,,
,,,,,,
,,,,,,
,,,,,,
,,,,,,
,,,,,,
,,,,,,
,,,,,,
,,,,,,
,,,,,,
,,,,,,
,,,,,,
,,,,,,
,,,,,,
,,,,,,
,,,,,,
,,,,,,
,,,,,,
,,,,,,
,,,,,,
,,,,,,
,,,,,,
,,,,,,
,,,,,,
,,,,,,
,,,,,,
,,,,,,
,,,,,,
,,,,,,
,,,,,,
,,,,,,
,,,,,,
,,,,,,
,,,,,,
,,,,,,
,,,,,,
,,,,,,
,,,,,,
,,,,,,
,,,,,,
,,,,,,
,,,,,,
,,,,,,
,,,,,,
,,,,,,
,,,,,,
,,,,,,
,,,,,,
,,,,,,
,,,,,,
,,,,,,
,,,,,,
,,,,,,
,,,,,,
,,,,,,
,,,,,,
,,,,,,
,,,,,,
,,,,,,
,,,,,,
,,,,,,
,,,,,,
,,,,,,
,,,,,,
,,,,,,
,,,,,,
,,,,,,
,,,,,,
,,,,,,
,,,,,,
,,,,,,
,,,,,,
,,,,,,
,,,,,,
,,,,,,
,,,,,,
,,,,,,
,,,,,,
,,,,,,
,,,,,,
,,,,,,
,,,,,,
,,,,,,
,,,,,,
,,,,,,
,,,,,,
,,,,,,
,,,,,,
,,,,,,
,,,,,,
,,,,,,
,,,,,,
,,,,,,
,,,,,,
,,,,,,
,,,,,,
,,,,,,
,,,,,,
,,,,,,
,,,,,,
,,,,,,
,,,,,,
,,,,,,
,,,,,,
,,,,,,
,,,,,,
,,,,,,
,,,,,,
,,,,,,
,,,,,,
,,,,,,
,,,,,,
,,,,,,
,,,,,,
,,,,,,
,,,,,,
,,,,,,
,,,,,,
,,,,,,
,,,,,,
,,,,,,
,,,,,,
,,,,,,
,,,,,,
,,,,,,
,,,,,,
,,,,,,
,,,,,,
,,,,,,
,,,,,,
,,,,,,
,,,,,,
,,,,,,
,,,,,,
,,,,,,
,,,,,,
,,,,,,
,,,,,,
,,,,,,
,,,,,,
,,,,,,
,,,,,,
,,,,,,
,,,,,,
,,,,,,
,,,,,,
,,,,,,
,,,,,,
,,,,,,
,,,,,,
,,,,,,
,,,,,,
,,,,,,
,,,,,,
,,,,,,
,,,,,,
,,,,,,
,,,,,,
,,,,,,
,,,,,,
,,,,,,
,,,,,,
,,,,,,
,,,,,,
,,,,,,
,,,,,,
,,,,,,
,,,,,,
,,,,,,
,,,,,,
,,,,,,
,,,,,,
,,,,,,
,,,,,,
,,,,,,
,,,,,,
,,,,,,
,,,,,,
,,,,,,
,,,,,,
,,,,,,
,,,,,,
,,,,,,
,,,,,,
,,,,,,
,,,,,,
,,,,,,
,,,,,,
,,,,,,
,,,,,,
,,,,,,
,,,,,,
,,,,,,
,,,,,,
,,,,,,
,,,,,,
,,,,,,
,,,,,,
,,,,,,
,,,,,,
,,,,,,
,,,,,,
,,,,,,
,,,,,,
,,,,,,
,,,,,,
,,,,,,
,,,,,,
,,,,,,
,,,,,,
,,,,,,
,,,,,,
,,,,,,
,,,,,,
,,,,,,
,,,,,,
,,,,,,
,,,,,,
,,,,,,
,,,,,,
,,,,,,
,,,,,,
,,,,,,
,,,,,,
,,,,,,
,,,,,,
,,,,,,
,,,,,,
,,,,,,
,,,,,,
,,,,,,
,,,,,,
,,,,,,
,,,,,,
,,,,,,
,,,,,,
,,,,,,
,,,,,,
,,,,,,
,,,,,,
,,,,,,
,,,,,,
,,,,,,
,,,,,,
,,,,,,
,,,,,,
,,,,,,
,,,,,,
,,,,,,
,,,,,,
,,,,,,
,,,,,,
,,,,,,
,,,,,,
,,,,,,
,,,,,,
,,,,,,
,,,,,,
,,,,,,
,,,,,,
,,,,,,
,,,,,,
,,,,,,
,,,,,,
,,,,,,
,,,,,,
,,,,,,
,,,,,,
,,,,,,
,,,,,,
,,,,,,
,,,,,,
,,,,,,
,,,,,,
,,,,,,
,,,,,,
,,,,,,
,,,,,,
,,,,,,
,,,,,,
,,,,,,
,,,,,,
,,,,,,
,,,,,,
,,,,,,
,,,,,,
,,,,,,
,,,,,,
,,,,,,
,,,,,,
,,,,,,
,,,,,,
,,,,,,
,,,,,,
,,,,,,
,,,,,,
,,,,,,
,,,,,,
,,,,,,
,,,,,,
,,,,,,
,,,,,,
,,,,,,
,,,,,,
,,,,,,
,,,,,,
,,,,,,
,,,,,,
,,,,,,
,,,,,,
,,,,,,
,,,,,,
,,,,,,
,,,,,,
,,,,,,
,,,,,,
,,,,,,
,,,,,,
,,,,,,
,,,,,,
,,,,,,
,,,,,,
,,,,,,
,,,,,,
,,,,,,
,,,,,,
,,,,,,
,,,,,,
,,,,,,
,,,,,,
,,,,,,
,,,,,,
,,,,,,
,,,,,,
,,,,,,
,,,,,,
,,,,,,
,,,,,,
,,,,,,
,,,,,,
,,,,,,
,,,,,,
,,,,,,
,,,,,,
,,,,,,
,,,,,,
,,,,,,
,,,,,,
,,,,,,
,,,,,,
,,,,,,
,,,,,,
,,,,,,
,,,,,,
,,,,,,
,,,,,,
,,,,,,
,,,,,,
,,,,,,
,,,,,,
,,,,,,
,,,,,,
,,,,,,
,,,,,,
,,,,,,
,,,,,,
,,,,,,
,,,,,,
,,,,,,
,,,,,,
,,,,,,
,,,,,,
,,,,,,
,,,,,,
,,,,,,
,,,,,,
,,,,,,
,,,,,,
,,,,,,
,,,,,,
,,,,,,
,,,,,,
,,,,,,
,,,,,,
,,,,,,
,,,,,,
,,,,,,
,,,,,,
,,,,,,
,,,,,,
,,,,,,
,,,,,,
,,,,,,
,,,,,,
,,,,,,
,,,,,,
,,,,,,
,,,,,,
,,,,,,
,,,,,,
,,,,,,
,,,,,,
,,,,,,
,,,,,,
,,,,,,
,,,,,,
,,,,,,
,,,,,,
,,,,,,
,,,,,,
,,,,,,
,,,,,,
,,,,,,
,,,,,,
,,,,,,
,,,,,,
,,,,,,
,,,,,,
,,,,,,
,,,,,,
,,,,,,
,,,,,,
,,,,,,
,,,,,,
,,,,,,
,,,,,,
,,,,,,
,,,,,,
,,,,,,
,,,,,,
,,,,,,
,,,,,,
,,,,,,
,,,,,,
,,,,,,
,,,,,,
,,,,,,
,,,,,,
,,,,,,
,,,,,,
,,,,,,
,,,,,,
,,,,,,
,,,,,,
,,,,,,
,,,,,,
,,,,,,
,,,,,,
,,,,,,
,,,,,,
,,,,,,
,,,,,,
,,,,,,
,,,,,,
,,,,,,
,,,,,,
,,,,,,
,,,,,,
,,,,,,
,,,,,,
,,,,,,
,,,,,,
,,,,,,
,,,,,,
,,,,,,
,,,,,,
,,,,,,
,,,,,,
,,,,,,
,,,,,,
,,,,,,
,,,,,,
,,,,,,
,,,,,,
,,,,,,
,,,,,,
,,,,,,
,,,,,,
,,,,,,
,,,,,,
,,,,,,
,,,,,,
,,,,,,
,,,,,,
,,,,,,
,,,,,,
,,,,,,
,,,,,,
,,,,,,
,,,,,,
,,,,,,
,,,,,,
,,,,,,
,,,,,,
,,,,,,
,,,,,,
,,,,,,
,,,,,,
,,,,,,
,,,,,,
,,,,,,
,,,,,,
,,,,,,
,,,,,,
,,,,,,
,,,,,,
,,,,,,
,,,,,,
,,,,,,
,,,,,,
,,,,,,
,,,,,,
,,,,,,
,,,,,,
,,,,,,
,,,,,,
,,,,,,
,,,,,,
,,,,,,
,,,,,,
,,,,,,
,,,,,,
,,,,,,
,,,,,,
,,,,,,
,,,,,,
,,,,,,
,,,,,,
,,,,,,
,,,,,,
,,,,,,
,,,,,,
,,,,,,
,,,,,,
,,,,,,
,,,,,,
,,,,,,
,,,,,,
,,,,,,
,,,,,,
,,,,,,
,,,,,,
,,,,,,
,,,,,,
,,,,,,
,,,,,,
,,,,,,
,,,,,,
,,,,,,
,,,,,,
,,,,,,
,,,,,,
,,,,,,
,,,,,,
,,,,,,
,,,,,,
,,,,,,
,,,,,,
